Title,Duration,Rating,Description,Image URL,Director,Genres
The Shawshank Redemption,2 hours 22 minutes,9.3,"Zwei Gefängnisinsassen freunden sich im Lauf der Jahre an und finden Trost und schließlich Erlösung, indem sie anständig bleiben und Gutes tun.",https://m.media-amazon.com/images/M/MV5BOTcxMDAzNTcwM15BMl5BanBnXkFtZTgwNjQ2MjEyMDE@._V1_.jpg,Frank Darabont,Drama
The Godfather,2 hours 55 minutes,9.2,Der alternde Patriarch einer Verbrecherdynastie will die Herrschaft über sein geheimes Reich auf seinen widerwilligen Sohn übertragen.,https://m.media-amazon.com/images/M/MV5BMjg5ZGNmZWMtY2ZmNy00OWFiLThkMjAtMjRlNDYzZDJkNThlXkEyXkFqcGc@._V1_.jpg,Francis Ford Coppola,"Krimi, Drama"
The Dark Knight,2 hours 32 minutes,9,"Als der fiese Joker Verwüstung und Chaos über die Menschen in Gotham bringt, muss sich der &quot;dunkle Ritter&quot; einer der härtesten psychologischen Prüfungen seiner Fähigkeit, Unrecht zu bekämpfen, unterziehen.",https://m.media-amazon.com/images/M/MV5BMDQ5MWU2YWUtNTQ4OC00Njk5LWI0NzctMjM4OGZiNmZmNGViXkEyXkFqcGc@._V1_.jpg,Christopher Nolan,"Action, Krimi, Drama"
The Godfather Part II,3 hours 22 minutes,9,"Im New York der 1920er Jahre werden das frühe Leben und die Karriere von Vito Corleone porträtiert, während dessen Sohn Michael seine Macht erweitert und den Druck auf sein Verbrechersyndikat erhöht, das bald vom Lake Tahoe in Nev...",https://m.media-amazon.com/images/M/MV5BMWMwMGQzZTItY2JlNC00OWZiLWIyMDctNDk2ZDQ2YjRjMWQ0XkEyXkFqcGdeQXVyNzkwMjQ5NzM@._V1_.jpg,Francis Ford Coppola,"Krimi, Drama"
12 Angry Men,1 hours 36 minutes,9,"Ein Mitglied der Geschworenen stimmt nicht schuldig, um ein Fehlurteil zu verhindern, und versucht die Mitgeschworenen dazu zu bringen, die Beweise noch einmal zu überprüfen.",https://m.media-amazon.com/images/M/MV5BNGE0OTU1MmMtNjUyZi00ZGM0LWFjMGUtZTJjYmY4ZjJhMzA5XkEyXkFqcGc@._V1_.jpg,Sidney Lumet,"Krimi, Drama"
Schindler's List,3 hours 15 minutes,9,"Im Zweiten Weltkrieg macht sich Oskar Schindler in dem von den Deutschen besetzten Polen zunehmend Sorgen um seine jüdischen Mitarbeiter, nachdem er Zeuge von deren Verfolgung durch die Nazis geworden ist.",https://m.media-amazon.com/images/M/MV5BMjAzNTg4MzUtNzBjNC00OGE1LWE3YmQtYWNiY2UwYWJlY2YxXkEyXkFqcGc@._V1_.jpg,Steven Spielberg,"Biografie, Drama, Geschichte"
The Lord of the Rings: The Return of the King,3 hours 21 minutes,9,"Gandalf und Aragorn führen die Männer der Mittelerde in den Kampf gegen Saurons Armee, um ihn von Frodo und Sam abzulenken, die sich gerade dem Schicksalsberg mit dem Einen Ring nähern.",https://m.media-amazon.com/images/M/MV5BOWRmOTdkNjctY2YxMC00Y2E4LWFkMjktMzVmNjAxN2RmODJhXkEyXkFqcGc@._V1_.jpg,Peter Jackson,"Action, Abenteuer, Drama"
Pulp Fiction,2 hours 34 minutes,8.9,"Die Leben zweier Auftragskiller, eines Boxers, einer Gangsterbraut und eines Pärchens, das Diner-Restaurants überfällt, werden in vier Episoden miteinander verwoben, die aus Gewalt und Erlösung bestehen.",https://m.media-amazon.com/images/M/MV5BZTRjYmY1NmYtMmU0Ny00OWQ4LWI5ZDUtMDE0MzU1YWZjYTFhXkEyXkFqcGc@._V1_.jpg,Quentin Tarantino,"Krimi, Drama"
The Lord of the Rings: The Fellowship of the Ring,2 hours 58 minutes,8.9,"Ein sanftmütiger Hobbit aus dem Auenland und seine acht Gefährten machen sich auf den Weg, um den mächtigen Einen Ring zu zerstören und so die Mittelerde vor dem dunklen Herrscher Sauron zu bewahren.",https://m.media-amazon.com/images/M/MV5BZGFmNDg3ZmMtMmMyMC00NjA5LWFmNGMtYmY2YjFhMDc5YjI1XkEyXkFqcGc@._V1_.jpg,Peter Jackson,"Action, Abenteuer, Drama"
"Il buono, il brutto, il cattivo",2 hours 41 minutes,8.8,"Eine betrügerische Kopfgeldjagd lässt zwei Männer ein wackeliges Bündnis gegen einen dritten eingehen, um einen Goldschatz zu finden, der in einem abgelegenen Friedhof vergraben ist.",https://m.media-amazon.com/images/M/MV5BNjgyOWViNjYtZDFjOC00NDg1LWFmZDYtNmVmYjdiYWE5YTljXkEyXkFqcGc@._V1_.jpg,Sergio Leone,"Abenteuer, Drama, Western"
Forrest Gump,2 hours 22 minutes,8.8,"Forrest Gump, obgleich nicht sonderlich mit Intelligenz gesegnet, war doch durch Zufall bei vielen historischen Augenblicken zugegen; Jenny Curran, seine große Liebe, entzieht sich ihm jedoch.",https://m.media-amazon.com/images/M/MV5BYmM4MDY3NWUtMmI1YS00NTZjLTgwYWQtYzA1MGNkMTIxYjA4XkEyXkFqcGc@._V1_.jpg,Robert Zemeckis,"Drama, Liebesfilm"
The Lord of the Rings: The Two Towers,2 hours 59 minutes,8.8,"Während Frodo und Sam mithilfe des gerissenen Gollum weiter auf Mordor vorrücken, setzt sich die geteilte Gemeinschaft gegen Saurons neuen Verbündeten Saruman und seine Horden von Isengart zur Wehr.",https://m.media-amazon.com/images/M/MV5BMmMxYzQ4ZDgtNTNhMC00YzhjLThhYmItZTJjN2I4MTYwZjU2XkEyXkFqcGc@._V1_.jpg,Peter Jackson,"Action, Abenteuer, Drama"
Fight Club,2 hours 19 minutes,8.8,"Ein unter Schlaflosigkeit leidender Büroangestellter sucht nach einer Möglichkeit, sein Leben zu ändern, und trifft dabei auf einen sorglosen Seifenhändler, der im Untergrund einen Kampfclub unterhält, der sich als etwas noch viel...",https://m.media-amazon.com/images/M/MV5BMzgyZThmZDctNjkwYi00YzU1LWFlY2UtYTIzNmIxZTdlZjVhXkEyXkFqcGc@._V1_.jpg,David Fincher,Drama
Inception,2 hours 28 minutes,8.8,"Ein Dieb stiehlt Unternehmensgeheimnisse mithilfe einer Technologie für gemeinsames Träumen. Dann erhält er den Auftrag, eine Idee im Kopf eines Geschäftsführers festzusetzen.",https://m.media-amazon.com/images/M/MV5BMjQwNGE0MjctMDA3Yi00MGEyLTkyNTAtMjcxMTYxOWE0ZWRkXkEyXkFqcGc@._V1_.jpg,Christopher Nolan,"Action, Abenteuer, Science-Fiction"
Star Wars: Episode V - The Empire Strikes Back,2 hours 4 minutes,8.7,"Nachdem die Rebellen auf ihrem neuen Stützpunkt brutal vom Imperium überwältigt worden sind, macht Luke Skywalker bei Meister Yoda einen Jedi-Kurs für Fortgeschrittene, während seine Freunde von Darth Vader verfolgt werden, der da...",https://m.media-amazon.com/images/M/MV5BYWVhZWQyN2EtNzZhNC00ZDIxLWIxNzEtMDliNmIyYzc5ZTE5XkEyXkFqcGc@._V1_.jpg,Irvin Kershner,"Action, Abenteuer, Fantasy"
The Matrix,2 hours 16 minutes,8.7,Ein Computerhacker erfährt von mysteriösen Rebellen die Wahrheit über seine Realität und seine Rolle im Krieg gegen deren Kontrolleure.,https://m.media-amazon.com/images/M/MV5BYjM1YzE0MzMtMDM4Ni00M2M4LWEyYzItNGFjMDkxZTcyNTEyXkEyXkFqcGc@._V1_.jpg,"Lana Wachowski, Lilly Wachowski","Action, Science-Fiction"
Goodfellas,2 hours 25 minutes,8.7,Henry Hill und seine Freunde behaupten sich bei ihrem Aufstieg in der Bandenhierarchie.,https://m.media-amazon.com/images/M/MV5BZTUzZjc3Y2ItNDlhOC00MmY4LWIxMWQtYTlhZjk4ZGI5YWQ3XkEyXkFqcGc@._V1_.jpg,Martin Scorsese,"Biografie, Krimi, Drama"
One Flew Over the Cuckoo's Nest,2 hours 13 minutes,8.7,"Ein Krimineller täuscht, nachdem er wieder einmal in Schwierigkeiten geraten ist, eine Geisteskrankheit vor und wird in eine psychiatrische Anstalt eingewiesen, wo er gegen eine repressive Krankenschwester rebelliert und die verän...",https://m.media-amazon.com/images/M/MV5BMWNjNTMxODQtNThlNy00ZDdkLWIxNGYtZWMyMGQzZjZiZGJmXkEyXkFqcGc@._V1_.jpg,Milos Forman,Drama
Interstellar,2 hours 49 minutes,8.7,"Ein Forscherteam reist auf der Suche nach neuen Welten durch ein Wurmloch im Universum, um das Überleben der Menschheit sicherzustellen.",https://m.media-amazon.com/images/M/MV5BNmIwM2E3YjMtYWUxYi00M2ZkLWFmMzktZWFiYTU4MGM2YTk2XkEyXkFqcGc@._V1_.jpg,Christopher Nolan,"Abenteuer, Drama, Science-Fiction"
Se7en,2 hours 7 minutes,8.6,"Zwei Kripobeamte, ein Neuling und ein altgedienter Fuchs jagen einen Serienmörder, der die sieben Todsünden als seinen Modus Operandi verwendet.",https://m.media-amazon.com/images/M/MV5BMDZjNjZlNjQtZjY5Ny00ODdhLTlhYTAtOTc3ZmMyOTcyMzhhXkEyXkFqcGc@._V1_.jpg,David Fincher,"Krimi, Drama, Mystery"
It's a Wonderful Life,2 hours 10 minutes,8.6,"Ein Engel hilft einem barmherzigen, aber ebenso frustrierten Geschäftsmann, seine Verzweiflung zu überwinden, indem er ihm zeigt, wie das Leben ausgesehen hätte, wenn er niemals existiert hätte.",https://m.media-amazon.com/images/M/MV5BZjc4NDZhZWMtNGEzYS00ZWU2LThlM2ItNTA0YzQ0OTExMTE2XkEyXkFqcGdeQXVyNjUwMzI2NzU@._V1_.jpg,Frank Capra,"Drama, Familienfilm, Fantasy"
Shichinin no samurai,3 hours 27 minutes,8.6,"Ein armes Dorf wird ständig von Banditen überfallen, bis es zu seiner Verteidigung sieben arbeitslose Samurai anheuert.",https://m.media-amazon.com/images/M/MV5BYTVmN2RjMjMtMjEzOC00NDBjLTljNmUtMTBlZjJlYzU5NGU0XkEyXkFqcGc@._V1_.jpg,Akira Kurosawa,"Action, Drama"
The Silence of the Lambs,1 hours 58 minutes,8.6,"Eine junge FBI-Agentenanwärterin muss sich einem inhaftierten und manipulativen Mörder anvertrauen, um von ihm die notwendige Hilfe zu erhalten, einen anderen Serienmörder fassen zu können, der seinen Opfern die Haut abzieht.",https://m.media-amazon.com/images/M/MV5BMTM5N2JiN2YtNmVmZS00YTA4LWI0NDgtMzFiMjRmZDU2YmUzXkEyXkFqcGc@._V1_.jpg,Jonathan Demme,"Krimi, Drama, Thriller"
Saving Private Ryan,2 hours 49 minutes,8.6,"Im Anschluss an die Landung in der Normandie begibt sich eine Gruppe von US-Soldaten hinter die feindlichen Linien, um einen Fallschirmjäger herauszuholen, dessen Bruder im Kampf gefallen ist.",https://m.media-amazon.com/images/M/MV5BODhhNmFhMWMtYmUxOC00NzNmLWE5NzUtY2Q0ZDVhMjg5MWEwXkEyXkFqcGc@._V1_.jpg,Steven Spielberg,"Drama, Kriegsfilm"
Cidade de Deus,2 hours 10 minutes,8.6,"Zwei Jungen, die in einem gewalttätigen Stadtviertel Rio de Janeiros aufwachsen, gehen unterschiedliche Wege: der eine wird Fotograf, der andere Drogenhändler.",https://m.media-amazon.com/images/M/MV5BODQ2MTcyMTEtNWFjMS00MTc4LTk5YTMtMWE0NDczZDZhMTg3XkEyXkFqcGc@._V1_.jpg,"Fernando Meirelles, Kátia Lund","Krimi, Drama"
La vita è bella,1 hours 56 minutes,8.6,"Als ein aufgeschlossener jüdischer Buchhändler und sein Sohn Opfer des Holocausts werden, gelingt es diesem durch eine perfekte Mischung aus Willenskraft, Humor und Fantasie, seinen Sohn vor den Gefahren im Lager zu bewahren.",https://m.media-amazon.com/images/M/MV5BYmZhNTZmMTEtMjQ4OC00MmRkLTkzYjItNmVjZWFjNjdlYjNkXkEyXkFqcGc@._V1_.jpg,Roberto Benigni,"Komödie, Drama, Liebesfilm"
The Green Mile,3 hours 9 minutes,8.6,"Die Gefängnisaufseher des Todestraktes verstört einer ihrer neuen Insassen: Ein Schwarzer, der wegen Vergewaltigung und Kindermord angeklagt ist, besitzt auch eine mysteriöse Gabe.",https://m.media-amazon.com/images/M/MV5BNTEyY2E4OGItZGE4Yy00OTI1LThmMWMtNDIyMmY3YzU0MGY0XkEyXkFqcGc@._V1_.jpg,Frank Darabont,"Krimi, Drama, Fantasy"
Terminator 2: Judgment Day,2 hours 17 minutes,8.6,"Ein Cyborg, der identisch mit dem ist, der beim Versuch scheiterte, Sarah Connor umzubringen, soll nun ihren jungen Sohn vor einem weiterentwickelten Cyborg schützen, der ganz aus flüssigem Metall besteht.",https://m.media-amazon.com/images/M/MV5BMGU2NzRmZjUtOGUxYS00ZjdjLWEwZWItY2NlM2JhNjkxNTFmXkEyXkFqcGdeQXVyNjU0OTQ0OTY@._V1_.jpg,James Cameron,"Action, Abenteuer, Science-Fiction"
Star Wars,2 hours 1 minutes,8.6,"Luke Skywalker verbündet sich mit einem Jedi-Ritter, einem großspurigen Piloten, einem Wookie und zwei Droiden, um die Galaxie vor der Welt zerstörenden Raumstation des Imperiums zu bewahren, während er gleichzeitig Prinzessin Lei...",https://m.media-amazon.com/images/M/MV5BN2Q5OGZkODktYjkxNy00MzZlLTg5MmEtY2Q1M2YzNzg4ODllXkEyXkFqcGc@._V1_.jpg,George Lucas,"Action, Abenteuer, Fantasy"
Back to the Future,1 hours 56 minutes,8.5,"Marty McFly, ein 17-jähriger Highschool-Student, wird versehentlich 30 Jahre zurück in die Vergangenheit geschickt, und zwar in einem DeLorean mit eingebauter Zeitmaschine, die sein engster Freund, der eigenwillige Wissenschaftler...",https://m.media-amazon.com/images/M/MV5BMWY0NjZjZjgtZjM3ZC00NTExLTkzNzYtYzJhMzk2ODNiNzgxXkEyXkFqcGc@._V1_.jpg,Robert Zemeckis,"Abenteuer, Komödie, Science-Fiction"
Sen to Chihiro no kamikakushi,2 hours 4 minutes,8.6,"Während ihre Familie in die Vorstadt zieht, durchstreift ein missmutiges 10-jähriges Mädchen eine Welt, die von Göttern, Hexen und Geistern regiert wird, und in der sich Menschen in Bestien verwandeln.",https://m.media-amazon.com/images/M/MV5BNWJlMmQ0ZjktNTFiYy00YzQ5LTg5NGQtY2NjNjRjMTRhMDJjXkEyXkFqcGc@._V1_.jpg,Hayao Miyazaki,"Animation, Abenteuer, Familienfilm"
The Pianist,2 hours 30 minutes,8.5,"Ein polnischer, jüdischer Musiker versucht im Zweiten Weltkrieg die Zerstörung des Warschauer Ghettos zu überleben.",https://m.media-amazon.com/images/M/MV5BOWVmOTg1MDItZjQ1Zi00ZmE1LWIwMWEtNDBhZmU5ZDA2NWQyXkEyXkFqcGc@._V1_.jpg,Roman Polanski,"Biografie, Drama, Musikfilm"
Gisaengchung,2 hours 12 minutes,8.5,"Alle Arbeitslosen, Ki-taek Familie nimmt eigentümliche Interesse an den wohlhabenden und glamourösen Parks für Ihren Lebensunterhalt, bis Sie in einem unerwarteten Vorfall verstrickt.",https://m.media-amazon.com/images/M/MV5BMGFhZjc4Y2YtNTk2OS00NTllLWIzZDUtMWUxNTk2NzVkOWY1XkEyXkFqcGc@._V1_.jpg,Bong Joon Ho,"Drama, Thriller"
Psycho,1 hours 49 minutes,8.5,"Eine Sekretärin aus Phoenix unterschlägt 40.000 Dollar, die für einen Kunden ihres Arbeitgebers bestimmt waren, sucht das Weite und mietet sich in einem abgelegenen Motel ein, das ein junger Mann betreibt, den seine Mutter dominiert.",https://m.media-amazon.com/images/M/MV5BMTgzNTkzNTc2Ml5BMl5BanBnXkFtZTgwNDg4ODE4MzE@._V1_.jpg,Alfred Hitchcock,"Horror, Mystery, Thriller"
Gladiator,2 hours 35 minutes,8.5,"Ein römischer General wird verraten und seine Familie durch den korrupten Sohn eines Kaisers ermordet. Der General kehrt als Gladiator nach Rom zurück, um Rache zu nehmen.",https://m.media-amazon.com/images/M/MV5BNWNmYTU2ZmItMTBjYS00OGJmLTliMDgtN2VkNmU4OGQ2NjZjXkEyXkFqcGc@._V1_.jpg,Ridley Scott,"Action, Abenteuer, Drama"
The Lion King,1 hours 28 minutes,8.5,"Löwenbaby und zukünftiger König Simba sucht nach seiner Identität. Seine ständige Gefallsucht und Neigung, seine Grenzen auszutesten, bringen ihn jedoch manchmal in Schwierigkeiten.",https://m.media-amazon.com/images/M/MV5BZjk3NjI3M2MtYWQwZi00MDRjLTk1NDMtMDMwYmU2NTQ3Nzc4XkEyXkFqcGc@._V1_.jpg,"Roger Allers, Rob Minkoff","Animation, Abenteuer, Drama"
Spider-Man: Across the Spider-Verse,2 hours 20 minutes,8.6,"Miles Morales kehrt im 2. Teil der Spider-Verse-Saga zurück, reist durch das Multiversum und trifft auf ein Team von Spider-People. Uneinig über den Umgang mit einer neuen Bedrohung definiert Miles neu, was es bedeutet, ein Held z...",https://m.media-amazon.com/images/M/MV5BZjI5MjFiZmQtNGQ4Ni00OThjLWE3OTctOGI4NmZiNmZmZmNmXkEyXkFqcGc@._V1_.jpg,"Joaquim Dos Santos, Kemp Powers, Justin K. Thompson","Animation, Action, Abenteuer"
The Departed,2 hours 31 minutes,8.5,"Ein verdeckter Ermittler und ein Maulwurf bei der Polizei versuchen sich gegenseitig zu identifizieren, während sie eine irische Verbrecherbande in South Boston unterwandern.",https://m.media-amazon.com/images/M/MV5BNzcxMWIwYjktMzY4Mi00NjEwLTllYzYtZWMxNzFjMWU0ZmYyXkEyXkFqcGc@._V1_.jpg,Martin Scorsese,"Krimi, Drama, Thriller"
Whiplash,1 hours 46 minutes,8.5,"Ein vielversprechender junger Schlagzeuger schreibt sich an einem gnadenlos strengen Musikkonservatorium ein, wo seine hochfliegenden Träume von einem Lehrer gefördert werden, der vor nichts zurückschreckt, wenn es darum geht, das...",https://m.media-amazon.com/images/M/MV5BNTZiZDhjNjMtYzhlMy00MmQwLWIzNzEtZGNjMmQwYTE0YjY3XkEyXkFqcGc@._V1_.jpg,Damien Chazelle,"Drama, Musikfilm"
American History X,1 hours 59 minutes,8.5,"Ein ehemaliger Neo-Nazi und Skinhead versucht seinen jüngeren Bruder davon abzuhalten, den gleichen falschen Weg zu gehen wie er selbst.",https://m.media-amazon.com/images/M/MV5BMzhiOTQ0NDItOTg0Zi00OGVmLWE0OGEtMTI4NDM0NWMxZWU4XkEyXkFqcGc@._V1_.jpg,Tony Kaye,"Krimi, Drama"
Léon,1 hours 50 minutes,8.5,"Nachdem ihre Familie ermordet wurde, wird Mathilda, ein 12-jähriges Mädchen, von Léon, einem professionellen Killer, widerwillig bei sich aufgenommen. Léon und Mathilda entwickeln eine ungewöhnliche Beziehung, da sie zu seinem Sch...",https://m.media-amazon.com/images/M/MV5BNGNiMzAxZTMtYTQzMS00ZTg1LTg1M2ItZTk3NjliN2Q3MDZmXkEyXkFqcGc@._V1_.jpg,Luc Besson,"Action, Krimi, Drama"
Hotaru no haka,1 hours 28 minutes,8.5,Während des Zweiten Weltkriegs ringen ein Junge und seine kleine Schwester in Japan ums Überleben.,https://m.media-amazon.com/images/M/MV5BMTQ4MjQ1NDI5Ml5BMl5BanBnXkFtZTcwMTUwMjUxMQ@@._V1_.jpg,Isao Takahata,"Animation, Drama, Kriegsfilm"
The Prestige,2 hours 10 minutes,8.5,"Zwei Zauberkünstler beginnen einen Wettstreit darüber, wer als erster die ultimative Bühnenillusion erschaffen kann.",https://m.media-amazon.com/images/M/MV5BMGM4NDE5ZmMtY2MwZC00YjMyLWEzM2ItNmQwODQ4ZWQ2MjE4XkEyXkFqcGc@._V1_.jpg,Christopher Nolan,"Drama, Mystery, Science-Fiction"
Seppuku,2 hours 13 minutes,8.6,"Ein älterer Ronin-Samurai kommt im Haus eines Feudalherrn an und bittet um einen ehrenwerten Ort, an dem er Selbstmord begehen kann. Aber als der Ronin nach einem jüngeren Samurai fragt, der vor ihm ankam, nehmen die Dinge eine un...",https://m.media-amazon.com/images/M/MV5BZjcxMjY5MGItYTU0MC00OGIxLWE5YjgtMzM3ODMwMzg2MTFkXkEyXkFqcGc@._V1_.jpg,Masaki Kobayashi,"Action, Drama, Mystery"
Dune: Part Two,2 hours 46 minutes,8.5,"Paul Atreides schließt sich mit Chani und den Fremen zusammen, um sich an den Verschwörern zu rächen, die seine Familie zerstört haben.",https://m.media-amazon.com/images/M/MV5BYTAxZjA5NTQtMTJhZC00NjMwLTk5OGUtYmQ3MDM2M2NkMjE1XkEyXkFqcGc@._V1_.jpg,Denis Villeneuve,"Action, Abenteuer, Drama"
The Usual Suspects,1 hours 46 minutes,8.5,"Der einzige Überlebende erzählt, welche verzwackten Ereignisse zu einer Schießerei auf einem Schiff geführt haben, die damit begann, dass fünf Verbrecher sich bei einer angeblich wahllosen polizeilichen Gegenüberstellung trafen.",https://m.media-amazon.com/images/M/MV5BMDRiZWZjMjQtMWE2Zi00NDgzLWI2MWItMDA1OTUyOTc4YmYyXkEyXkFqcGc@._V1_.jpg,Bryan Singer,"Krimi, Drama, Mystery"
Casablanca,1 hours 42 minutes,8.5,"In Casablanca, Marokko, trifft ein zynischer amerikanischer Auswanderer im Dezember 1941 auf eine frühere Geliebte. Dies führt zu nicht vorhergesehenen Komplikationen.",https://m.media-amazon.com/images/M/MV5BNmJkODYwMGUtNTFjMC00MDNkLTlmNTgtN2E4YTllZTUxYmEyXkEyXkFqcGc@._V1_.jpg,Michael Curtiz,"Drama, Liebesfilm, Kriegsfilm"
Intouchables,1 hours 52 minutes,8.5,"Nachdem er durch einen Paragliding-Unfall gelähmt ist, stellt ein Aristokrat einen jungen Mann aus der Vorstadt als seinen Pfleger ein.",https://m.media-amazon.com/images/M/MV5BODE3ZGIwODctN2QwOC00YzMwLWJjMjUtZTU0MzdiYjUxZTFmXkEyXkFqcGc@._V1_.jpg,"Olivier Nakache, Éric Toledano","Komödie, Drama"
Nuovo Cinema Paradiso,2 hours 54 minutes,8.5,"Ein Filmemacher erinnert sich seiner Kindheit, als er sich in seinem Dorfkino in die Wunderwelt des Zelluloids verliebte und eine tiefe Freundschaft mit dem Filmvorführer schloss.",https://m.media-amazon.com/images/M/MV5BMTljNzc4YWEtYTZlMS00ODMyLWIwMTAtNWQxY2VkMDEwYTk5XkEyXkFqcGc@._V1_.jpg,Giuseppe Tornatore,"Drama, Liebesfilm"
Modern Times,1 hours 27 minutes,8.5,Der Tramp versucht mit der Hilfe einer jungen obdachlosen Frau in der modernen industriellen Gesellschaft zu leben.,https://m.media-amazon.com/images/M/MV5BNDMwMzEwMmItNmE2Zi00MjJjLTkwZTQtODI2NGYyYTJjZTNiXkEyXkFqcGc@._V1_.jpg,Charles Chaplin,"Komödie, Drama, Liebesfilm"
Alien,1 hours 57 minutes,8.5,"Nachdem ein Raumfrachter eine unbekannte Funkmeldung als Notrufsignal interpretiert, folgt er ihm und landet auf einem Mond, wo eines der Besatzungsmitglieder von einem mysteriösen Lebewesen angegriffen wird. Als die Besatzung sch...",https://m.media-amazon.com/images/M/MV5BOGYzYjUyYmUtNDc4Ny00YThmLWI4YjctY2VlYjBhMDU0NmM1XkEyXkFqcGc@._V1_.jpg,Ridley Scott,"Horror, Science-Fiction"
Rear Window,1 hours 52 minutes,8.5,"Ein an den Rollstuhl gefesselter Fotograf beobachtet seine Nachbarn vom Fenster seiner Wohnung aus und gelangt dabei zu der Überzeugung, dass einer von ihnen ein Mörder ist.",https://m.media-amazon.com/images/M/MV5BMTU1NzUyNDg3Ml5BMl5BanBnXkFtZTgwNzA1NjM0MTE@._V1_.jpg,Alfred Hitchcock,"Mystery, Thriller"
C'era una volta il West,2 hours 46 minutes,8.5,"Ein geheimnisvoller Fremder mit einer Mundharmonika tut sich mit einem berüchtigten Desperado zusammen, um eine wunderschöne Witwe vor einem gnadenlosen Killer zu schützen, der für die Eisenbahngesellschaft arbeitet.",https://m.media-amazon.com/images/M/MV5BNDIxODM2ODAzM15BMl5BanBnXkFtZTgwNDI4OTU0MTE@._V1_.jpg,Sergio Leone,"Drama, Western"
City Lights,1 hours 27 minutes,8.5,"Mithilfe eines reichen, aber launischen Gewohnheitstrinkers häuft ein vertrauensseliger Vagabund, der sich in ein blindes Blumenmädchen verliebt hat, möglichst viel Geld an, um ihr medizinische Hilfe zukommen zu lassen.",https://m.media-amazon.com/images/M/MV5BMjEzOTM2NTY0Nl5BMl5BanBnXkFtZTgwNzY2MjcyMjE@._V1_.jpg,Charles Chaplin,"Komödie, Drama, Liebesfilm"
Django Unchained,2 hours 45 minutes,8.5,"Mit der Hilfe eines deutschen Kopfgeldjägers macht sich ein befreiter Sklave auf den Weg, seine Frau vor einem brutalen Plantagenbesitzer in Mississippi zu retten.",https://m.media-amazon.com/images/M/MV5BMTNmZTA3NDMtYzlkNC00ZmNmLWI1MjUtMjYyOWE3ZTQ4ODFhXkEyXkFqcGc@._V1_.jpg,Quentin Tarantino,"Komödie, Drama, Western"
Apocalypse Now,2 hours 27 minutes,8.4,"Während des Vietnamkrieges wird Captain Willard auf eine gefährliche Mission nach Kambodscha geschickt, um dort einen abtrünnigen Oberst umzubringen, der sich bei einem einheimischen Volksstamm selbst zum Gott erklärt hat.",https://m.media-amazon.com/images/M/MV5BYTFiYzc0YzctOWU1My00NGNlLWI0MzYtNjdkNDM5YWE3MGVjXkEyXkFqcGc@._V1_.jpg,Francis Ford Coppola,"Drama, Mystery, Kriegsfilm"
Memento,1 hours 53 minutes,8.4,"Ein Mann versucht, die Suche nach dem Mörder seiner Frau und den Verlust seines Kurzzeitgedächtnisses unter einen Hut zu bringen, auch wenn das erst einmal ein Hindernis zu sein scheint.",https://m.media-amazon.com/images/M/MV5BNjgwZDE2YjMtOTFmMy00M2NmLTg5MDAtMzUyNmVkOWY4MDEzXkEyXkFqcGc@._V1_.jpg,Christopher Nolan,"Mystery, Thriller"
WALL·E,1 hours 38 minutes,8.4,"In ferner Zukunft tritt ein kleiner müllsammelnder Roboter versehentlich eine Reise in den Weltraum an, die letzten Endes über das Schicksal der Menschheit entscheiden wird.",https://m.media-amazon.com/images/M/MV5BYzRiZWI5NzMtNGViOS00ZjYxLWI2ZDEtNDU5NTMxMGNlZGRlXkEyXkFqcGc@._V1_.jpg,Andrew Stanton,"Animation, Abenteuer, Familienfilm"
Raiders of the Lost Ark,1 hours 55 minutes,8.4,"Der Archäologe und Abenteurer Indiana Jones wird von der US-Regierung beauftragt, die Bundeslade noch vor den Nazis zu finden.",https://m.media-amazon.com/images/M/MV5BYjk4OTY5MDQtMDQ0MC00ODQxLTg3NzQtMzk3ZTBjYzNkMWI5XkEyXkFqcGc@._V1_.jpg,Steven Spielberg,"Action, Abenteuer"
12th Fail,2 hours 27 minutes,8.9,Die wahre Geschichte des IPS-Beamten Manoj Kumar Sharma und der IRS-Beamtin Shraddha Joshi.,https://m.media-amazon.com/images/M/MV5BNTE3OTIxZDYtNjA0NC00N2YxLTg1NGQtOTYxNmZkMDkwOWNjXkEyXkFqcGc@._V1_.jpg,Vidhu Vinod Chopra,"Biografie, Drama"
Das Leben der Anderen,2 hours 17 minutes,8.4,"Ostberlin 1984: Ein Stasi-Offizier überwacht einen Schriftsteller und dessen Liebhaberin, als er feststellt, dass er immer mehr in deren Leben hineingezogen wird.",https://m.media-amazon.com/images/M/MV5BN2Q0NzljMTItOTc5YS00YWMxLTgwODUtZDI4NzhiOTcwMmVmXkEyXkFqcGc@._V1_.jpg,Florian Henckel von Donnersmarck,"Drama, Mystery, Thriller"
Sunset Blvd.,1 hours 50 minutes,8.4,"Ein heruntergekommener Drehbuchautor schreibt für einen früheren Stummfilmstar, der von der Leinwand Hollywoods verschwunden ist, ein Drehbuch.",https://m.media-amazon.com/images/M/MV5BMTc5Nzc1ODk0M15BMl5BanBnXkFtZTgwNzg1MTczMTE@._V1_.jpg,Billy Wilder,"Drama, Film Noir"
Avengers: Infinity War,2 hours 29 minutes,8.4,"Die Avengers und ihre Verbündeten müssen bereit sein, alles zu opfern, um den mächtigen Thanos zu besiegen, bevor sein galaktischer Zerstörungsplan dem Universum ein Ende bereitet.",https://m.media-amazon.com/images/M/MV5BNzdhMWZlYjQtMWViYS00MjA3LTg2YjAtMmI3YzE2MTRjZjQ0XkEyXkFqcGc@._V1_.jpg,"Anthony Russo, Joe Russo","Action, Abenteuer, Science-Fiction"
Paths of Glory,1 hours 28 minutes,8.4,"Nachdem sie sich geweigert hatten, eine feindliche Stellung anzugreifen, klagt ein General die Soldaten der Feigheit an und ihr befehlshabender Offizier muss sie verteidigen.",https://m.media-amazon.com/images/M/MV5BMDdmNWFhZDUtM2YxNS00ZjY1LTllM2QtMDAxNDgyY2JjODI4XkEyXkFqcGc@._V1_.jpg,Stanley Kubrick,"Drama, Kriegsfilm"
Spider-Man: Into the Spider-Verse,1 hours 57 minutes,8.4,"Spider-Man kreuzt parallele Dimensionen und verbündet sich mit den Wandkrabblern der anderen Dimensionen, um eine Bedrohung für alle Realitäten zu stoppen.",https://m.media-amazon.com/images/M/MV5BMWRiYjY3YzAtMzJhMy00M2M2LWFhYzUtYjQzM2QwYTg0YTM1XkEyXkFqcGc@._V1_.jpg,"Bob Persichetti, Peter Ramsey, Rodney Rothman","Animation, Action, Abenteuer"
Witness for the Prosecution,1 hours 56 minutes,8.4,"Ein erfahrener britischer Rechtsanwalt muss seinen Mandanten in einem Mordprozess verteidigen, der einige Überraschungen auf Lager hat.",https://m.media-amazon.com/images/M/MV5BNmNlZTdjN2MtYzYxZi00YzM5LWExYTctYjQ3ZGNiMTYyOGVmXkEyXkFqcGc@._V1_.jpg,Billy Wilder,"Krimi, Drama, Mystery"
The Shining,2 hours 26 minutes,8.4,"Eine Familie fährt in ein abgelegenes Hotel, um dort den Winter zu verbringen. Dort angekommen lassen böse und spirituelle Kräfte den Vater schließlich gewalttätig werden und der übersinnlich begabte Sohn hat schreckliche Vorahnun...",https://m.media-amazon.com/images/M/MV5BNGQ1N2Y4ZWUtOGFlOC00OWZmLTlmNmQtOWNlYjA3ZjNhN2U1XkEyXkFqcGc@._V1_.jpg,Stanley Kubrick,"Drama, Horror"
The Great Dictator,2 hours 5 minutes,8.4,"Diktator Adenoid Hynkel bemüht sich, sein Reich zu erweitern, während ein armer jüdischer Friseur der Verfolgung durch Hynkels Regime zu entgehen versucht.",https://m.media-amazon.com/images/M/MV5BM2E5ZTdhMzctMTBkMS00YjlkLWExYjMtMmFiMWFiODZiYTg5XkEyXkFqcGc@._V1_.jpg,Charles Chaplin,"Komödie, Drama, Kriegsfilm"
Aliens,2 hours 17 minutes,8.4,"Der Mond aus Alien (1979) wurde kolonisiert, aber man hat den Kontakt verloren. Dieses Mal verfügt das Rettungsteam über eine beeindruckende Feuerkraft, aber wird sie genügen?",https://m.media-amazon.com/images/M/MV5BMTIzZGZkYWMtODExYi00ZDY0LTgyNDAtOTJhZmJlMjRiZWNiXkEyXkFqcGc@._V1_.jpg,James Cameron,"Action, Abenteuer, Science-Fiction"
Inglourious Basterds,2 hours 33 minutes,8.4,"Während des Zweiten Weltkriegs plant eine Gruppe jüdischer US-Soldaten im von Nazis besetzten Frankreich führende Nazis zu ermorden, während ein rachsüchtiger Kinobesitzer dasselbe vorhat.",https://m.media-amazon.com/images/M/MV5BMjE3NDU2MTE3OV5BMl5BanBnXkFtZTgwNDM2OTM5NDE@._V1_.jpg,Quentin Tarantino,"Abenteuer, Drama, Kriegsfilm"
The Dark Knight Rises,2 hours 44 minutes,8.4,"Acht Jahre nach Jokers anarchischer Herrschaft sieht sich der Dunkle Ritter gezwungen, aus dem ihm auferlegten Exil zurückzukehren und mithilfe der geheimnisvollen Catwoman Gotham City zu retten, das kurz vor seiner totalen Zerstö...",https://m.media-amazon.com/images/M/MV5BMDIyZWZkMjAtYjVkMC00YzIzLWFhMjMtNGEwZTkyNmQwMTZmXkEyXkFqcGc@._V1_.jpg,Christopher Nolan,"Action, Drama, Thriller"
Coco,1 hours 45 minutes,8.4,"Coco erzählt von dem 12-jährigen Jungen Miguel, der eine Kette von Ereignissen auslöst, die ihn zu einem jahrhundertealten Geheimnis und zu einer außergewöhnlichen Familienwiedervereinigung führen.",https://m.media-amazon.com/images/M/MV5BNTk5MmM1OTAtYzZlMi00MDlhLWE4ZjctMjBjY2Q1OTEyZWUxXkEyXkFqcGc@._V1_.jpg,"Lee Unkrich, Adrian Molina","Animation, Abenteuer, Drama"
Amadeus,2 hours 40 minutes,8.4,"Die unglaubliche Geschichte von Wolfgang Amadeus Mozart, erzählt von seinem Kollegen und geheimen Erzrivalen Antonio Salieri - den man nun in eine Irrenanstalt gesperrt hat.",https://m.media-amazon.com/images/M/MV5BN2ZmODhiYjEtM2YxOS00Yjc5LTgyMmYtZGEwMWU4NTkxOWE0XkEyXkFqcGc@._V1_.jpg,Milos Forman,"Biografie, Drama, Musikfilm"
Toy Story,1 hours 21 minutes,8.3,"Eine Cowboy-Puppe fühlt sich bedroht und ist eifersüchtig, als ihr eine neue Raumfahrer-Figur ihren Platz als Lieblingsspielzeug im Kinderzimmer eines Jungen streitig macht.",https://m.media-amazon.com/images/M/MV5BMDU2ZWJlMjktMTRhMy00ZTA5LWEzNDgtYmNmZTEwZTViZWJkXkEyXkFqcGdeQXVyNDQ2OTk4MzI@._V1_.jpg,John Lasseter,"Animation, Abenteuer, Komödie"
Dr. Strangelove or: How I Learned to Stop Worrying and Love the Bomb,1 hours 35 minutes,8.3,"Ein verrückter General begibt sich auf den Weg zum nuklearen Holocaust, was eine Gruppe Politiker und Generäle verzweifelt zu stoppen versucht.",https://m.media-amazon.com/images/M/MV5BZTI0NWI2YTctOTAyOC00M2IyLThkMzctMjNmNzFiN2M4OTc5XkEyXkFqcGc@._V1_.jpg,Stanley Kubrick,"Komödie, Kriegsfilm"
Oldeuboi,2 hours,8.3,"Nachdem er entführt und 15 Jahre lang eingesperrt worden war, wird Oh Dae-su plötzlich entlassen, jedoch nur um zu erfahren, dass er in 5 Tagen seinen Kidnapper finden muss.",https://m.media-amazon.com/images/M/MV5BY2JhMzZmODUtYTIzNy00MTAwLWJmOWYtNzk3MmFmZTllMjgxXkEyXkFqcGc@._V1_.jpg,Park Chan-wook,"Action, Drama, Mystery"
American Beauty,2 hours 2 minutes,8.3,"Ein sexuell frustrierter Vorstadtpapa stürzt in eine Midlife Crisis, als er sich in die beste Freundin seiner Tochter verknallt.",https://m.media-amazon.com/images/M/MV5BNTBmZWJkNjctNDhiNC00MGE2LWEwOTctZTk5OGVhMWMyNmVhXkEyXkFqcGdeQXVyMTMxODk2OTU@._V1_.jpg,Sam Mendes,Drama
Avengers: Endgame,3 hours 1 minutes,8.4,"Nach der Katastrophe von &quot;Avengers: Infinity War&quot; liegt das Universum in Trümmern. Mit Hilfe der restlichen Verbündeten sammeln die Avengers ihre Kräfte, um den Irrsinn Thanos&apos; rückgängig zu machen und das Gleichgewicht wiederherz...",https://m.media-amazon.com/images/M/MV5BNzkwOTRjZDItOGNhOS00YjRkLTg3NmEtYWE2MWY5NDcyZDAwXkEyXkFqcGc@._V1_.jpg,"Anthony Russo, Joe Russo","Action, Abenteuer, Drama"
Das Boot,2 hours 29 minutes,8.4,"Die klaustrophobische Welt eines deutschen U-Boots im Zweiten Weltkrieg; Langeweile, Schmutz und nackte Angst.",https://m.media-amazon.com/images/M/MV5BNGY1Y2M0OTktYzk4MS00NTRkLTg1ZjgtMjE1YTY0ZWJhZDA0XkEyXkFqcGc@._V1_.jpg,Wolfgang Petersen,"Drama, Kriegsfilm"
Braveheart,2 hours 58 minutes,8.3,"Als seine geheime Braut für den Angriff auf einen englischen Soldaten, der sie zu vergewaltigen versuchte, hingerichtet wird, beginnt William Wallace eine Revolte gegen König Edward I. von England.",https://m.media-amazon.com/images/M/MV5BN2JhNjI1MGYtMTAwNS00NWJlLThhYWUtOTllM2IzOGVlZGE5XkEyXkFqcGc@._V1_.jpg,Mel Gibson,"Biografie, Drama, Kriegsfilm"
Good Will Hunting,2 hours 6 minutes,8.3,"Will Hunting, ein Hausmeister am Massachusetts Institute of Technology, besitzt eine Begabung für Mathematik, benötigt aber die Hilfe eines Psychologen, um seinem Leben eine Richtung zu geben.",https://m.media-amazon.com/images/M/MV5BNThkMjYwNmMtNzQ0My00YWE1LTg2ZGItMmIwYTNlNGI5Mzk2XkEyXkFqcGc@._V1_.jpg,Gus Van Sant,"Drama, Liebesfilm"
Mononoke-hime,2 hours 13 minutes,8.3,"Auf der Suche nach einer Möglichkeit, sich von Tatarigamis Fluch zu befreien, findet sich Ashitaka in einen Krieg zwischen Waldgöttern und der Bergbausiedlung Tatara involviert. Auf dieser Reise trifft er auch auf San, die Prinzes...",https://m.media-amazon.com/images/M/MV5BNTgwOTc2MTItZDU4Yi00NzIwLTgwNmMtYjQxNjE5MTFjMzZhXkEyXkFqcGc@._V1_.jpg,Hayao Miyazaki,"Animation, Action, Abenteuer"
Joker,2 hours 2 minutes,8.4,"1981 in Gotham: Arthur Fleck fristet ein trostloses Leben. Sein Leben nimmt eine dramatische Wendung, als er von seinem Kollegen Randall einen Revolver geschenkt bekommt.",https://m.media-amazon.com/images/M/MV5BNWNhYzhjMzAtNmZlNi00ZTA2LWFiYWMtNmYwYmQ0ZGYxZGEwXkEyXkFqcGc@._V1_.jpg,Todd Phillips,"Krimi, Drama, Thriller"
Kimi no na wa.,1 hours 46 minutes,8.4,"Zwei Fremde finden sich auf bizarre Weise verbunden. Wenn eine Verbindung entsteht, ist Entfernung die einzige Möglichkeit, sie auseinander zu halten?",https://m.media-amazon.com/images/M/MV5BOTkzMGIyYzAtMDQyYi00OTkxLWI2ZGMtODNmYjMyMWM3ZGY1XkEyXkFqcGc@._V1_.jpg,Makoto Shinkai,"Animation, Drama, Fantasy"
Tengoku to jigoku,2 hours 23 minutes,8.4,"Ein Manager einer Schuhfirma wird Opfer von Erpressung, als der Sohn seines Chauffeurs entführt wird.",https://m.media-amazon.com/images/M/MV5BOTFmOTNjYjUtMDA2MC00ZTJiLThiYzktNDdjNzQwMjNkN2NmXkEyXkFqcGc@._V1_.jpg,Akira Kurosawa,"Krimi, Drama, Mystery"
3 Idiots,2 hours 50 minutes,8.4,"Zwei Freunde sind auf der Suche nach ihrem lange verschollenen Freund. Sie lassen Erinnerungen an ihre gemeinsamen Tage am College wiederaufleben und erinnern sich an ihren Freund, der sie immer dazu inspirierte, ein wenig anders ...",https://m.media-amazon.com/images/M/MV5BMWQ5MTM5YjQtNDJkNy00N2RlLWE4Y2QtMWNmYTA5ZGIyOWJlXkEyXkFqcGc@._V1_.jpg,Rajkumar Hirani,"Komödie, Drama"
Once Upon a Time in America,3 hours 49 minutes,8.3,"Ein jüdischer Gangster aus der Zeit der Prohibition kehrt nach über dreißig Jahren in die Lower East Side von Manhattan zurück, wo er sich erneut mit den alten Geistern und Kümmernissen seines früheren Lebens konfrontiert sieht.",https://m.media-amazon.com/images/M/MV5BOTM0YWMxOWItOTRjMi00NDA1LWE1MzctMWQ3MmUyNmNmMWQwXkEyXkFqcGc@._V1_.jpg,Sergio Leone,"Krimi, Drama"
Singin' in the Rain,1 hours 43 minutes,8.3,"Eine Stummfilmproduktionsfirma und deren Schauspieler versuchen, den schwierigen Übergang in die Tonfilmära zu schaffen.",https://m.media-amazon.com/images/M/MV5BNDJmYjc4MDEtYzliYi00YWEwLThlYmYtN2Y3MGYyNjkwZjMwXkEyXkFqcGc@._V1_.jpg,"Stanley Donen, Gene Kelly","Komödie, Musical, Liebesfilm"
Capharnaüm,2 hours 6 minutes,8.4,Der ungefähr 12 Jahre alte Zain lebt im Armutsviertel von Beirut und schlägt sich mit seiner Familie durch. Nach einem Zwischenfall verlässt er seine Familie und findet Zuflucht bei einer äthiopischen Mutter und ihrem Sohn.,https://m.media-amazon.com/images/M/MV5BZjdiZDQyMDEtMjAyOS00ZmEyLWExZjctYjg1MTQzMTQ1NTAyXkEyXkFqcGc@._V1_.jpg,Nadine Labaki,Drama
Idi i smotri,2 hours 22 minutes,8.4,"Nachdem er ein altes Gewehr gefunden hat, schließt sich ein Junge der sowjetischen Widerstandsbewegung in ihrem Kampf gegen die skrupellosen deutschen Truppen an und erfährt so die Schrecken des Zweiten Weltkriegs.",https://m.media-amazon.com/images/M/MV5BMjIyMjM4NTQ2OF5BMl5BanBnXkFtZTgwOTM4MTI2MTE@._V1_.jpg,Elem Klimov,"Drama, Thriller, Kriegsfilm"
Requiem for a Dream,1 hours 42 minutes,8.3,"Die Scheinwelten, in die sich vier Menschen aus Coney Island mit Hilfe von Drogen geflüchtet haben, geraten ins Wanken, als ihre Sucht stärker wird.",https://m.media-amazon.com/images/M/MV5BN2ZlMjIzZjctYzA2My00ZWYyLWI4ZjctMGI2NWYyNzFiZjAwXkEyXkFqcGc@._V1_.jpg,Darren Aronofsky,Drama
Toy Story 3,1 hours 43 minutes,8.3,"Kurz bevor Andy sich auf den Weg zum College macht, werden die Spielzeuge irrtümlicherweise an eine Kindertagesstätte und nicht an seinen Speicher geliefert. Es liegt jetzt ganz an Woody, die anderen Spielzeuge davon zu überzeugen...",https://m.media-amazon.com/images/M/MV5BMTVkYmU2MWItYzNjYS00NWQ0LTg5ZDEtNjgyMWNhMGNkZjliXkEyXkFqcGc@._V1_.jpg,Lee Unkrich,"Animation, Abenteuer, Komödie"
Star Wars: Episode VI - Return of the Jedi,2 hours 11 minutes,8.3,"Nachdem Han Solo aus dem Palast von Jabba dem Hutten gerettet wurde, versuchen die Rebellen, den zweiten Todesstern zu zerstören, während Luke darum kämpft, dass Vader von der dunklen Seite der Macht zurückkehrt.",https://m.media-amazon.com/images/M/MV5BNTczMmNlMWYtNzc5MC00NTRhLTgzNjEtOTVjOWE5ZDc2YjhiXkEyXkFqcGc@._V1_.jpg,Richard Marquand,"Action, Abenteuer, Fantasy"
Eternal Sunshine of the Spotless Mind,1 hours 48 minutes,8.3,"Als ihre Beziehung langsam in die Brüche geht, findet ein Paar einen Weg, wie es sich gegenseitig aus der Erinnerung des anderen Partners löschen kann. Doch erst mit fortschreitendem Verlust finden sie heraus, was sie anfangs anei...",https://m.media-amazon.com/images/M/MV5BYTAyZTE4OWItMWI2ZS00MGJmLTkyNmMtYjQxNmZmNjdlOTBkXkEyXkFqcGc@._V1_.jpg,Michel Gondry,"Drama, Liebesfilm, Science-Fiction"
Jagten,1 hours 55 minutes,8.3,"Ein Lehrer führt ein einsames Leben, während er die ganze Zeit um das Sorgerecht für seinen Sohn kämpft. Sein Leben verbessert sich langsam, als er sich verliebt und auch noch gute Nachrichten von seinem Sohn erhält. Doch das neue...",https://m.media-amazon.com/images/M/MV5BYWFhMjBmN2QtOTVjYy00YzQzLWEwYTctYmJiODhiYmVhMmE5XkEyXkFqcGc@._V1_.jpg,Thomas Vinterberg,Drama
2001: A Space Odyssey,2 hours 29 minutes,8.3,Die Menschheit findet ein mysteriöses unbekanntes Objekt unter der Mondoberfläche und begibt mithilfe des intelligenten Computers H.A.L. 9000 auf eine Reise.,https://m.media-amazon.com/images/M/MV5BOTE4MTUzNzMtOTBlZC00YTQ2LWFiNTEtY2Q0MTNlNzdhMzgzXkEyXkFqcGc@._V1_.jpg,Stanley Kubrick,"Abenteuer, Science-Fiction"
Ikiru,2 hours 23 minutes,8.3,"Ein Bürokrat versucht in seinem Leben einen Sinn zu finden, nachdem er erfahren hat, Krebs im Endstadium zu haben.",https://m.media-amazon.com/images/M/MV5BMmVhYWQwNDUtOWFkNS00YWMzLWI4MGItYmNkZjJkMmMxYjcyXkEyXkFqcGc@._V1_.jpg,Akira Kurosawa,Drama
Reservoir Dogs,1 hours 39 minutes,8.3,"Nachdem ein einfacher Juwelendiebstahl gründlich schiefgelaufen ist, hegen die überlebenden Verbrecher den Verdacht, dass einer unter ihren ein Polizeispitzel ist.",https://m.media-amazon.com/images/M/MV5BNjBjMDc5M2QtOGNiNC00YTU3LWJmZjktZDIwMzlhYjFhMWI0XkEyXkFqcGc@._V1_.jpg,Quentin Tarantino,"Krimi, Thriller"
Lawrence of Arabia,3 hours 38 minutes,8.3,"Die Geschichte von T. E. Lawrence, dem englischen Offizier, der erfolgreich die verschiedenen, oftmals verfeindeten arabischen Stämme im Ersten Weltkrieg vereinte, um sie in den Kampf gegen die Türken zu führen.",https://m.media-amazon.com/images/M/MV5BYzkyYTM0NzAtYWIxOS00ZGQ5LWIyNTEtYzEzNWM3Yzk1YWNmXkEyXkFqcGc@._V1_.jpg,David Lean,"Abenteuer, Biografie, Drama"
The Apartment,2 hours 5 minutes,8.3,"Ein Mann versucht, die Karriereleiter emporzusteigen, indem er seinen Vorgesetzten sein Apartment als Liebesnest zur Verfügung stellt, doch als er selbst eine Liebesaffäre hat, beginnt die Situation kompliziert zu werden.",https://m.media-amazon.com/images/M/MV5BYTc5ZGMzYWQtZWNmZS00NWEwLWExZDktNDFmOGY4NTM2MDRhXkEyXkFqcGc@._V1_.jpg,Billy Wilder,"Komödie, Drama, Liebesfilm"
Incendies,2 hours 11 minutes,8.3,"Zwei Zwillinge reisen in den Mittleren Osten, um mehr über ihre Familiengeschichte zu erfahren und den letzten Willen ihrer Mutter zu erfüllen.",https://m.media-amazon.com/images/M/MV5BYzhkM2I0MzMtNmMwNy00MjkzLTgzMDktOGQzYWZjYmJjMjFlXkEyXkFqcGc@._V1_.jpg,Denis Villeneuve,"Drama, Mystery, Kriegsfilm"
North by Northwest,2 hours 16 minutes,8.3,"Ein New Yorker Werbefachmann ist auf der Flucht, nachdem er von einer Gruppe ausländischer Spione für einen Regierungsagenten gehalten wurde, und verliebt sich in eine Frau, an deren Loyalität er zu zweifeln beginnt.",https://m.media-amazon.com/images/M/MV5BYWVhYWRlMDQtYzE0ZC00MTFhLWI5OTYtYzgzY2VlNGUzZTRlXkEyXkFqcGc@._V1_.jpg,Alfred Hitchcock,"Action, Abenteuer, Mystery"
Scarface,2 hours 50 minutes,8.3,1980 in Miami. Ein zielstrebiger kubanischer Einwanderer übernimmt ein Drogenkartell und verfällt der Habsucht.,https://m.media-amazon.com/images/M/MV5BM2NjZTVjYTEtODg2OC00MDY4LWExNTAtOTQyM2Y3ZDE3OTVmXkEyXkFqcGc@._V1_.jpg,Brian De Palma,"Krimi, Drama"
Oppenheimer,3 hours,8.3,‎Die Geschichte des amerikanischen Wissenschaftlers J. Robert Oppenheimer und seine Rolle bei der Entwicklung der Atombombe.‎,https://m.media-amazon.com/images/M/MV5BMzhlY2IyYTAtMTllMC00NzM3LWFhY2ItNjdhM2NhZmJiYWQ1XkEyXkFqcGc@._V1_.jpg,Christopher Nolan,"Biografie, Drama, Geschichte"
Double Indemnity,1 hours 47 minutes,8.3,"Ein Versicherungsvertreter lässt sich zur Planung eines Mordes und Versicherungsbetrugs überreden, der schließlich den Verdacht eines Versicherungsdetektivs erregt.",https://m.media-amazon.com/images/M/MV5BMDEwNDM5MjQtMWI0ZC00ZjdkLWEwOGQtNzJkNjIyMTM4YmQyXkEyXkFqcGc@._V1_.jpg,Billy Wilder,"Krimi, Drama, Film Noir"
Citizen Kane,1 hours 59 minutes,8.3,"Nach dem Tod eines Zeitungs- und Verlagsmagnaten reißen sich Reporter darum, die Bedeutung der letzten Worte des Verstorbenen zu entschlüsseln.",https://m.media-amazon.com/images/M/MV5BYjlhNmFlMGMtNmVjMC00MDg4LTg3ZTMtODc5ODg5Yzk1Y2UxXkEyXkFqcGc@._V1_.jpg,Orson Welles,"Drama, Mystery"
M - Eine Stadt sucht einen Mörder,1 hours 57 minutes,8.3,"Als die Polizei in einer deutschen Stadt nicht in der Lage ist, einen Kindermörder zu fangen, beteiligen sich andere Verbrecher an der Menschenjagd.",https://m.media-amazon.com/images/M/MV5BMTU1ODE2ODg3Ml5BMl5BanBnXkFtZTgwNjk1MTA5MTE@._V1_.jpg,Fritz Lang,"Krimi, Mystery, Thriller"
Vertigo,2 hours 8 minutes,8.3,"Ein Kriminalinspektor in San Francisco, der an Höhenangst leidet, untersucht die seltsamen Aktivitäten der Frau eines alten Freundes und wird immer besessener von ihr.",https://m.media-amazon.com/images/M/MV5BZTBmOWRiNjYtOTM3MC00MWYyLTk5YmMtNDY0YmZjZTU2MDlhXkEyXkFqcGc@._V1_.jpg,Alfred Hitchcock,"Mystery, Liebesfilm, Thriller"
Full Metal Jacket,1 hours 56 minutes,8.2,"Ein pragmatischer US-Marine beobachtet, welche entmenschlichenden Auswirkungen der Vietnamkrieg auf seine Gefährten im Ausbildungslager hat, vom brutalen Training dort bis hin zu den blutigen Straßenkämpfen in Hue.",https://m.media-amazon.com/images/M/MV5BOTI1OGFmZTAtNWQ2NS00NGIxLWE3MTktODRmZTFkODgzZDBhXkEyXkFqcGc@._V1_.jpg,Stanley Kubrick,"Drama, Kriegsfilm"
Heat,2 hours 50 minutes,8.3,"Eine Gruppe professioneller Bankräuber hat die Polizei an den Fersen, als sie bei ihrem letzten Raubzug versehentlich eine heiße Spur hinterlassen.",https://m.media-amazon.com/images/M/MV5BNDMwZTZlY2QtM2I0MS00Y2MwLTk1ZGYtYzY1ZmE3ZmY2YWYwXkEyXkFqcGc@._V1_.jpg,Michael Mann,"Action, Krimi, Drama"
Le fabuleux destin d'Amélie Poulain,2 hours 2 minutes,8.3,"Amélie ist eine naive Träumerin in Paris mit einem ganz eigenen Gerechtigkeitssinn. Sie entscheidet, anderen Leuten zu helfen, und entdeckt dabei die Liebe.",https://m.media-amazon.com/images/M/MV5BOTNmYzY0MWQtZGZmNy00Y2Y4LWFmMDQtMTZjYTdiYzEwZGQ2XkEyXkFqcGc@._V1_.jpg,Jean-Pierre Jeunet,"Komödie, Liebesfilm"
Up,1 hours 36 minutes,8.3,"Der siebenundachtzig Jahre alte Carl Fredricksen reist mit seinem an Luftballons hängenden Haus zu den Paradiesfällen, in Begleitung eines von ihm unbemerkten, jungen blinden Passagiers.",https://m.media-amazon.com/images/M/MV5BYTg3NjgyMGEtNDRkMS00YjA3LThiYzktNjhlOGE1ZjRiNjhjXkEyXkFqcGc@._V1_.jpg,"Pete Docter, Bob Peterson","Animation, Abenteuer, Komödie"
A Clockwork Orange,2 hours 16 minutes,8.2,"Im Großbritannien der Zukunft sitzt der charismatische Delinquent Alex DeLarge im Gefängnis. Er meldet sich freiwillig für eine experimentelle Aversionstherapie, die von der Regierung zur Lösung des Kriminalitätsproblems entwickel...",https://m.media-amazon.com/images/M/MV5BMTc2ODczMzkzM15BMl5BanBnXkFtZTgwNTQ2NzAxMDE@._V1_.jpg,Stanley Kubrick,"Krimi, Science-Fiction"
To Kill a Mockingbird,2 hours 9 minutes,8.3,"Atticus Finch, ein Rechtsanwalt in den von der Depression gebeutelten Südstaaten der USA, verteidigt einen Schwarzen gegen eine nicht berechtigte Anklage wegen Vergewaltigung und versucht, seine (eigenen) Kinder vor Vorurteilen zu...",https://m.media-amazon.com/images/M/MV5BNWU1YTI2NGEtMGY3Mi00NjlhLTgwNWMtNWQzNWU1ZjQyZTRiXkEyXkFqcGc@._V1_.jpg,Robert Mulligan,"Krimi, Drama"
Jodaeiye Nader az Simin,2 hours 3 minutes,8.3,"Ein verheiratetes Paar hat eine schwere Entscheidung zu treffen: Entweder das Leben ihres Kindes zu verbessern und dafür in ein anderes Land zu ziehen oder im Iran zu bleiben und für einen hilfsbedürftigen Elternteil sorgen, der a...",https://m.media-amazon.com/images/M/MV5BMjYyZTdkOGYtZmEzMi00NjU2LWFiZDctYmYxMDU4MjQ0ZjFlXkEyXkFqcGc@._V1_.jpg,Asghar Farhadi,Drama
The Sting,2 hours 9 minutes,8.3,"In Chicago möchte ein junger Hochstapler sich im September 1936 für den Mord an seinem Partner rächen und tut sich mit dem größten aller Trickbetrüger zusammen, um einem kriminellen Banker ein Vermögen abzuluchsen.",https://m.media-amazon.com/images/M/MV5BZTBlMGU0NjQtYmQwYi00ODI4LWEzNjQtMzRjZTlmYzM1Yjc0XkEyXkFqcGc@._V1_.jpg,George Roy Hill,"Komödie, Krimi, Drama"
Die Hard,2 hours 12 minutes,8.2,"John McClane, Polizeibeamter bei der New Yorker Polizei, versucht das Leben seiner Frau Holly Gennaro und einiger weiterer Personen zu retten, die während einer Weihnachtsfeier im Nakatomi Plaza-Gebäude in Los Angeles vom deutsche...",https://m.media-amazon.com/images/M/MV5BZjFiZTYzNTQtNDBlZS00ZDhjLTk4OGMtNDk4OTkzNTU5M2Y2XkEyXkFqcGc@._V1_.jpg,John McTiernan,"Action, Thriller"
Indiana Jones and the Last Crusade,2 hours 7 minutes,8.2,"Als Dr. Henry Jones Senior bei der Suche nach dem Heiligen Gral plötzlich von der Bildfläche verschwindet, muss der angesehene Archäologe Indiana Jones in die Fußstapfen seines Vaters treten und die Nazis stoppen.",https://m.media-amazon.com/images/M/MV5BY2Q0ODg4ZmItNDZiYi00ZWY5LTg2NzctNmYwZjA5OThmNzE1XkEyXkFqcGdeQXVyMjM4MzQ4OTQ@._V1_.jpg,Steven Spielberg,"Action, Abenteuer"
Taare Zameen Par,2 hours 42 minutes,8.3,"Ein achtjähriger Junge gilt als fauler Ärgermacher, bis der neue Kunstlehrer die Geduld und das Mitgefühl hat, das eigentliche Problem hinter seinen Schulkämpfen zu entdecken.",https://m.media-amazon.com/images/M/MV5BNjVmMTlkNGYtYTM2OC00Yjc2LWIyYmQtMDY4ZmU1MWRlMjA3XkEyXkFqcGc@._V1_.jpg,"Aamir Khan, Amole Gupte","Drama, Familienfilm"
Metropolis,2 hours 33 minutes,8.3,"In einer futuristischen Großstadt, in der die Arbeiterklasse streng von der Oberschicht getrennt ist, verliebt sich der Sohn des Herrschers der Stadt in eine Prophetin der Unterschicht, die das Kommen eines Retters vorhersagt, der...",https://m.media-amazon.com/images/M/MV5BMjhjMGYyMjAtMzJkYy00NzhlLWIwY2MtMWQ2ODIxZDUyOGYyXkEyXkFqcGc@._V1_.jpg,Fritz Lang,"Drama, Science-Fiction"
Snatch,1 hours 44 minutes,8.2,"Skrupellose Boxkampfveranstalter, gewalttätige Buchmacher, ein russischer Gangster, unfähige Amateurdiebe und angeblich jüdische Juwelenhändler bekämpfen sich gegenseitig, um einen unbezahlbaren gestohlenen Diamanten aufzuspüren.",https://m.media-amazon.com/images/M/MV5BMTNiMzgzNjItNmZhYy00ZTI0LThjZDEtMWU5ZWY5OTIxMzk0XkEyXkFqcGc@._V1_.jpg,Guy Ritchie,"Komödie, Krimi"
1917,1 hours 59 minutes,8.2,Der Film wird in 1917 während des Ersten Weltkriegs gedreht.,https://m.media-amazon.com/images/M/MV5BMTEzYjdkMGYtMDNjOS00YTBlLWE5NGUtMTM5OTlkNTI1NDJlXkEyXkFqcGc@._V1_.jpg,Sam Mendes,"Action, Drama, Geschichte"
L.A. Confidential,2 hours 18 minutes,8.2,"Während die Korruption im Los Angeles der Fünfziger Jahre ihre Blüten treibt, untersuchen drei Polizisten - ein Sittenwächter, ein Brutalo und ein Intrigant - eine Reihe von Mordfällen, wobei sie ihre eigene Art von Rechtsauffassu...",https://m.media-amazon.com/images/M/MV5BOWU0NmVmYWQtNjIxYi00ZDAxLTk4OTEtM2E2MjgwMjUwOTQ0XkEyXkFqcGc@._V1_.jpg,Curtis Hanson,"Krimi, Drama, Mystery"
Ladri di biciclette,1 hours 29 minutes,8.3,"Im Italien der Nachkriegszeit wird einem Tagelöhner sein Fahrrad gestohlen. Zusammen mit seinem Sohn zieht er los, um es wiederzufinden.",https://m.media-amazon.com/images/M/MV5BZTQzYTIxYzItYmQ5YS00MmFhLWEyMjItNTBhMTRmM2Y5MDJhXkEyXkFqcGc@._V1_.jpg,Vittorio De Sica,Drama
Hamilton,2 hours 40 minutes,8.3,Verfilmung des Broadway-Musicals &quot;Hamilton&quot; von Lin-Manuel Miranda. Darin wird die Geschichte des amerikanischen Gründervaters Alexander Hamilton erzählt: Geboren und aufgewachsen als Waise in der Karibik.,https://m.media-amazon.com/images/M/MV5BYzBhOWY4ZTktMjE2NS00ZGIyLWJkOGMtNDQyN2JjZWFiODdiXkEyXkFqcGc@._V1_.jpg,Thomas Kail,"Biografie, Drama, Geschichte"
Der Untergang,2 hours 36 minutes,8.2,"Traudl Junge, die letzte Sekretärin Adolf Hitlers, erzählt von den letzten Tagen des Diktators in seinem Berliner Bunker am Ende des Zweiten Weltkriegs.",https://m.media-amazon.com/images/M/MV5BNTA1ZTA4NzctNDhhYS00MDllLTkzNjAtMWJmMjZiYTZhMTdhXkEyXkFqcGc@._V1_.jpg,Oliver Hirschbiegel,"Biografie, Drama, Geschichte"
Taxi Driver,1 hours 54 minutes,8.2,"Ein psychisch labiler Vietnamveteran arbeitet nachts als Taxifahrer in New York. Die wahrgenommene Dekadenz und Anstößigkeit fördern seinen Drang zur Gewalttätigkeit, während er versucht, eine vorpubertäre Prostituierte zu retten.",https://m.media-amazon.com/images/M/MV5BNjFkOWQ0MTgtN2IwMi00MWQ1LTliOTQtZGFhYjY3ZjUxOWI5XkEyXkFqcGc@._V1_.jpg,Martin Scorsese,"Krimi, Drama"
Dangal,2 hours 41 minutes,8.3,Der ehemalige Wrestler Mahavir Singh Phogat und seine beiden Wrestler-Töchter kämpfen bei den Commonwealth Games gegen gesellschaftliche Unterdrückung.,https://m.media-amazon.com/images/M/MV5BMTQ4MzQzMzM2Nl5BMl5BanBnXkFtZTgwMTQ1NzU3MDI@._V1_.jpg,Nitesh Tiwari,"Action, Biografie, Drama"
Batman Begins,2 hours 20 minutes,8.2,"Nach abgeschlossenem Training mit seinem Mentor beginnt Batman mit seinem Kampf, das vom Verbrechen geplagte Gotham City vom Netz der Korruption zu befreien, mit dem Scarecrow und die Gesellschaft der Schatten die Stadt überzogen ...",https://m.media-amazon.com/images/M/MV5BNTViMDA3ZGItNDRlYS00NWZkLWI1OGQtYTQ1ZDM2NWI5YzE1XkEyXkFqcGc@._V1_.jpg,Christopher Nolan,"Action, Krimi, Drama"
Per qualche dollaro in più,2 hours 12 minutes,8.2,"Zwei Kopfgeldjäger mit den gleichen beruflichen Absichten tun sich zusammen, um einen Gesetzlosen aufzuspüren.",https://m.media-amazon.com/images/M/MV5BZjAwZjY2MGYtOTVhYi00MzIxLThhZmYtZmRjZjBlNjM5YjA3XkEyXkFqcGc@._V1_.jpg,Sergio Leone,"Drama, Western"
The Wolf of Wall Street,3 hours,8.2,"Beruhend auf der wahren Geschichte von Jordan Belfort, von seinem Aufstieg als reicher Börsenmakler, der sein Leben in Saus und Braus genießt, bis zu seinem Absturz in die Kriminalität, Korruption und die Verfolgung durch die US-B...",https://m.media-amazon.com/images/M/MV5BN2ViNDA3ZWUtMjVlYy00NjAyLWIwMjAtODk4NGI4MWQwZTQ2XkEyXkFqcGc@._V1_.jpg,Martin Scorsese,"Biografie, Komödie, Krimi"
Green Book,2 hours 10 minutes,8.2,Ein italo-amerikanischer Türsteher aus der Arbeiterklasse wird Chauffeur eines afroamerikanischen Pianisten auf einer Tour durch Veranstaltungsorte im amerikanischen Süden der 1960er-Jahre.,https://m.media-amazon.com/images/M/MV5BOGZlZWU0NzctYWNiMy00MzIyLTgzZWQtNTMxYTY5MDAyZTgzXkEyXkFqcGc@._V1_.jpg,Peter Farrelly,"Biografie, Komödie, Drama"
Some Like It Hot,2 hours 1 minutes,8.2,"Als zwei männliche Musiker Zeugen eines Mafiamassakers werden, fliehen sie in einen anderen Staat, indem sie als Frauen verkleidet in einer Frauenband untertauchen. Doch dann treten Komplikationen auf.",https://m.media-amazon.com/images/M/MV5BOTIwZjc2ZTEtNzkzYS00MDdkLThlYWItYWQyYWZjYjM0MjA1XkEyXkFqcGc@._V1_.jpg,Billy Wilder,"Komödie, Musikfilm, Liebesfilm"
The Kid,54 minutes,8.2,"Der Vagabund sorgt für ein verlassenes Kind, doch die Ereignisse setzen die Beziehung einem Risiko aus.",https://m.media-amazon.com/images/M/MV5BODI3ZmVmZGEtNWY0NS00MTNiLTllNjEtYzgxNDliYjZlYzNjXkEyXkFqcGc@._V1_.jpg,Charles Chaplin,"Komödie, Drama, Familienfilm"
The Truman Show,1 hours 43 minutes,8.2,"Ein Versicherungsangestellter entdeckt, dass sein ganzes Leben eigentlich nur eine Fernsehshow ist.",https://m.media-amazon.com/images/M/MV5BNjVkMDUwNTItZjBmYS00NDFiLWE0NWQtMjk1MzhjMTEzZGQ5XkEyXkFqcGc@._V1_.jpg,Peter Weir,"Komödie, Drama"
Judgment at Nuremberg,2 hours 59 minutes,8.3,Im Jahr 1948 klagt ein amerikanisches Gericht im besetzten Deutschland vier Nazirichter wegen Kriegsverbrechen an.,https://m.media-amazon.com/images/M/MV5BN2EyOWIyOWItMWUyNy00YmI1LThiNzItYzE4YjRhMWI4OWIwXkEyXkFqcGc@._V1_.jpg,Stanley Kramer,"Drama, Kriegsfilm"
The Father,1 hours 37 minutes,8.2,"Ein Mann verweigert seiner Tochter im Alter den Beistand. Während er versucht, seine sich verändernden Umstände zu verstehen, beginnt er, an seinen Lieben und an seinem eigenen Verstand zu zweifeln.",https://m.media-amazon.com/images/M/MV5BOWFiYTRhZTYtNjA5ZC00ZGIzLTg4YWYtYzRhZTExNTNjMzE2XkEyXkFqcGc@._V1_.jpg,Florian Zeller,"Drama, Mystery"
All About Eve,2 hours 18 minutes,8.2,"Eine scheinbar naive, junge Verehrerin schleicht sich geschickt in die Gesellschaft einer etablierten, aber alternden Bühnenschauspielerin und ihren Kreis von Theaterfreunden ein.",https://m.media-amazon.com/images/M/MV5BZTUyMzIzNjUtYjA3Ny00ZTQyLWIzM2UtNWE2ZDExZGIwOGJjXkEyXkFqcGc@._V1_.jpg,Joseph L. Mankiewicz,Drama
Shutter Island,2 hours 18 minutes,8.2,"Im Jahr 1954 untersucht ein US-Marshal das Verschwinden einer Mörderin, die aus einer Anstalt für geisteskranke Straftäter entkommen ist.",https://m.media-amazon.com/images/M/MV5BMjI0NDFlYjMtZjM2YS00MTEzLTg2YzUtNDBhNWIzYTgwYzc5XkEyXkFqcGc@._V1_.jpg,Martin Scorsese,"Drama, Mystery, Thriller"
There Will Be Blood,2 hours 38 minutes,8.2,"Eine Geschichte über Familie, Religion, Hass, Öl und Wahnsinn, die sich vor allem auf die Figur eines Ölsuchers der Jahrhundertwende konzentriert, einer Zeit, in der diese Branche ihren Anfang nahm.",https://m.media-amazon.com/images/M/MV5BOTdkZWExZjUtMzE3MS00NzdhLTk1NjMtMjkyNGNiMDUzNDFkXkEyXkFqcGc@._V1_.jpg,Paul Thomas Anderson,Drama
Jurassic Park,2 hours 7 minutes,8.2,"Während einer Vorbesichtigungs-Tour kommt es in einem Themenpark zu einem größeren Stromausfall, der bewirkt, dass die dort ausgestellten Dinosaurierklone Amok laufen.",https://m.media-amazon.com/images/M/MV5BY2RlOWZiZDAtOTU3Yy00OTYxLTkwNTgtMGEyMTk0NDdjODYwXkEyXkFqcGc@._V1_.jpg,Steven Spielberg,"Action, Abenteuer, Science-Fiction"
Top Gun: Maverick,2 hours 10 minutes,8.2,"Nach dreißig Dienstjahren als einer der besten Flieger der Navy geht Pete Mitchell als mutiger Testpilot an seine Grenzen und entzieht sich der Beförderung, die ihm das Fliegen unmöglich machen würden.",https://m.media-amazon.com/images/M/MV5BMTY2OTdkYTQtYTM4NS00NzNlLWJmYzQtNmI1OGI1MzZhNjEwXkEyXkFqcGc@._V1_.jpg,Joseph Kosinski,"Action, Drama"
Casino,2 hours 58 minutes,8.2,"Habgier, Betrug, Geld, Macht und Mord sind die Dinge, die die enge Freundschaft zwischen einem Mafia-Vizeboss und einem Kasinobesitzer bestimmen, denn es geht um eine Vorzeigefrau und die Herrschaft über ein Glücksspielimperium.",https://m.media-amazon.com/images/M/MV5BMTcxOWYzNDYtYmM4YS00N2NkLTk0NTAtNjg1ODgwZjAxYzI3XkEyXkFqcGdeQXVyNTA4NzY1MzY@._V1_.jpg,Martin Scorsese,"Krimi, Drama"
Ran,2 hours 40 minutes,8.2,"Im mittelalterlichen Japan setzt sich ein alter Kriegsherr zur Ruhe und übergibt sein Reich seinen drei Söhnen. Er hat jedoch vollkommen unterschätzt, wie sehr die neue Macht in ihren Händen sie korrumpieren würde, sodass sie aufe...",https://m.media-amazon.com/images/M/MV5BMTk3MzNiNTAtZGY4Zi00NzUxLThlZjktZmYzMGNkOTc2MGYzXkEyXkFqcGc@._V1_.jpg,Akira Kurosawa,"Action, Drama, Kriegsfilm"
The Sixth Sense,1 hours 47 minutes,8.2,"Ein Junge, der mit Geistern kommuniziert, die nicht wissen, dass sie tot sind, sucht Hilfe bei einem mutlosen Kinderpsychologen.",https://m.media-amazon.com/images/M/MV5BOWFkZDEzODYtYzQxNy00MzdjLTg4ODUtNGNkN2U5MDFkZWE3XkEyXkFqcGc@._V1_.jpg,M. Night Shyamalan,"Drama, Mystery, Thriller"
El laberinto del fauno,1 hours 58 minutes,8.2,"Im falangistischen Spanien von 1944 flüchtet sich die lesewütige Stieftochter eines sadistischen Armeeoffiziers in eine unheimliche, aber fesselnde Fantasiewelt.",https://m.media-amazon.com/images/M/MV5BOTc1NTAxMWItMWFlNy00MmU2LTkwMTMtNzMwOTg5OTQ5YTFiXkEyXkFqcGc@._V1_.jpg,Guillermo del Toro,"Drama, Fantasy, Kriegsfilm"
Unforgiven,2 hours 10 minutes,8.2,"Der Western-Revolverheld William Munny, der sich eigentlich aus seinem Geschäft zurückgezogen hat, übernimmt widerwillig noch einmal einen letzten Auftrag, bei dem ihm sein alter Partner und ein junger Mann helfen.",https://m.media-amazon.com/images/M/MV5BNDMwZGE0OTYtNjc5MC00ZjBiLWExYjQtMGNiN2RiYzIzNjVkXkEyXkFqcGc@._V1_.jpg,Clint Eastwood,"Drama, Western"
No Country for Old Men,2 hours 2 minutes,8.2,"Gewalt und Chaos folgen, nachdem ein Wilddieb in der Nähe des Rio Grande auf die Überbleibsel eines gescheiterten Drogendeals stößt, darunter über zwei Millionen Dollar.",https://m.media-amazon.com/images/M/MV5BZGRjOWJjZDUtMjQ5Ny00OTJkLTk2MGQtYjdkOTE1YjZmMDA3XkEyXkFqcGc@._V1_.jpg,"Ethan Coen, Joel Coen","Krimi, Drama, Thriller"
The Thing,1 hours 49 minutes,8.2,"Es ist die erste Woche im Winter des Jahres 1982. Eine amerikanische Forschungsstation bekommt Besuch von einer außerirdischen Kraft, die alles assimilieren kann, was sie berührt. Das Überleben der Forscher hängt nun ganz davon ab...",https://m.media-amazon.com/images/M/MV5BZmI0ODI5ZjEtYzFjNi00MTdkLWEzZDYtYTc2ZjJmNTgxMzNhXkEyXkFqcGc@._V1_.jpg,John Carpenter,"Horror, Mystery, Science-Fiction"
A Beautiful Mind,2 hours 15 minutes,8.2,"Nachdem John Nash, ein brillanter aber kontaktscheuer Mathematiker, einen kryptografischen Geheimauftrag übernommen hat, wird sein Leben zum Alptraum.",https://m.media-amazon.com/images/M/MV5BODNhMDFkOWItNzMxYi00N2U5LWIwY2QtNmUyZDEwYjliN2ViXkEyXkFqcGc@._V1_.jpg,Ron Howard,"Biografie, Drama, Mystery"
Kill Bill: Vol. 1,1 hours 51 minutes,8.2,"Die Braut erwacht aus einem vierjährigen Koma. Das Kind, das sie in ihrem Mutterleib trug, ist verschwunden. Jetzt heißt es Rache nehmen an der Mörderbande, die sie betrogen hat - und der sie einst angehörte.",https://m.media-amazon.com/images/M/MV5BN2U4MzU3MTktNTM4My00ODIyLTlhNWYtMmI3NzQ1NDY0NDFjXkEyXkFqcGc@._V1_.jpg,Quentin Tarantino,"Action, Krimi, Thriller"
The Treasure of the Sierra Madre,2 hours 6 minutes,8.2,"Fred Dobbs und Bob Curtin, zwei Amerikaner auf der Suche nach Arbeit in Mexiko, überzeugen einen alten Goldsucher davon, ihnen bei der Goldsuche in den Bergen der Sierra Madre zu helfen.",https://m.media-amazon.com/images/M/MV5BMjIxOTY4NzQ0NF5BMl5BanBnXkFtZTgwNzk3MzgyMjE@._V1_.jpg,John Huston,"Abenteuer, Drama, Western"
Yôjinbô,1 hours 50 minutes,8.2,"Ein listiger Ronin kommt in eine Stadt, die sich zwei Verbrecherbanden teilen, und beschließt, sie gegeneinander auszuspielen, um so die Stadt zu befreien.",https://m.media-amazon.com/images/M/MV5BYzFkODA1N2QtY2UyMC00NTMwLWEyNzctMmE3YjIzNzE1MzY4XkEyXkFqcGc@._V1_.jpg,Akira Kurosawa,"Action, Drama, Thriller"
The Great Escape,2 hours 52 minutes,8.2,Während des Zweiten Weltkriegs versuchen einige Hundert alliierte Kriegsgefangene aus einem deutschen Lager auszubrechen.,https://m.media-amazon.com/images/M/MV5BNWQ4OTE3NTctMzMzYy00NTQxLWIzMDktOTE5YmQwNTNhZWVkXkEyXkFqcGc@._V1_.jpg,John Sturges,"Abenteuer, Drama, Thriller"
Monty Python and the Holy Grail,1 hours 31 minutes,8.2,"König Arthur und seine Ritter begeben sich auf eine Low-Budget-Suche nach dem Heiligen Gral, und treffen dabei auf viele, ziemlich dumme Hindernisse.",https://m.media-amazon.com/images/M/MV5BMmNjM2VjZmMtYmM2Yy00ZDU0LWJjMTQtM2ViNzY3MjhkODM2XkEyXkFqcGc@._V1_.jpg,"Terry Gilliam, Terry Jones","Abenteuer, Komödie, Fantasy"
Finding Nemo,1 hours 40 minutes,8.2,"Nachdem sein Sohn am Great Barrier Reef gefangen genommen und nach Sydney gebracht wurde, unternimmt ein schüchterner Clownfisch eine Reise, um seinen Sprössling nach Hause zu bringen.",https://m.media-amazon.com/images/M/MV5BNGQzNjYzMGYtZjY1OS00Y2ExLTk3YmItYmQ4MzMzMzI3ZWE5XkEyXkFqcGc@._V1_.jpg,"Andrew Stanton, Lee Unkrich","Animation, Abenteuer, Komödie"
Prisoners,2 hours 33 minutes,8.2,"Als Keller Dovers Tochter und ihr Freund vermisst werden, nimmt er die Sache selbst in die Hand, da die Polizei mehrere Spuren gleichzeitig verfolgt und der Zeitdruck wächst. Doch wie weit wird ein verzweifelter Vater gehen, um se...",https://m.media-amazon.com/images/M/MV5BMjk1ZTFkOWYtMTE0NS00NWY1LTk5NGEtOTIzYTI1YzdmODgyXkEyXkFqcGc@._V1_.jpg,Denis Villeneuve,"Krimi, Drama, Mystery"
Hauru no ugoku shiro,1 hours 59 minutes,8.2,"Als eine wenig selbstbewusste junge Frau von einer alten, boshaften Hexe verflucht und in eine Greisin verwandelt wird, sieht sie ihre einzige Hoffnung, den Zauber wieder zu brechen, in einem maßlosen, aber unsicheren jungen Zaube...",https://m.media-amazon.com/images/M/MV5BOGU3YWEyOWEtYmM4MC00ZGE1LTljMDEtODM3NDg1ODQyYjU1XkEyXkFqcGc@._V1_.jpg,Hayao Miyazaki,"Animation, Abenteuer, Familienfilm"
Rashômon,1 hours 28 minutes,8.2,Ein abscheuliches Verbrechen und seine Folgen werden aus unterschiedlichen Perspektiven erinnert.,https://m.media-amazon.com/images/M/MV5BNDJmMjdiYmEtM2QyNC00MmUwLThjNWQtZjNkNDJiN2JhODg4XkEyXkFqcGc@._V1_.jpg,Akira Kurosawa,"Krimi, Drama, Mystery"
The Elephant Man,2 hours 4 minutes,8.2,"Ein viktorianischer Arzt rettet einen vom Krebs entstellten Mann vor Misshandlungen, hinter dessen monströsem Äußeren sich eine intelligente und empfindsame Person verbirgt.",https://m.media-amazon.com/images/M/MV5BOTk0MzM4OTktZTk4Yy00ZGUzLTk0NWItMWQ0YTBlNmI5Y2E5XkEyXkFqcGc@._V1_.jpg,David Lynch,"Biografie, Drama"
Dial M for Murder,1 hours 45 minutes,8.2,"Ein ehemaliger Tennisprofi schmiedet ein Komplott, seine Frau umzubringen. Als es misslingt, improvisiert er schnell einen Plan B.",https://m.media-amazon.com/images/M/MV5BOTM0NDhmMDMtYWExNS00YzgwLTkzZmQtZWRiNzllNjI3ZDU3XkEyXkFqcGc@._V1_.jpg,Alfred Hitchcock,"Krimi, Thriller"
Chinatown,2 hours 10 minutes,8.1,"Ein Privatdetektiv wird angeheuert, einen Ehebrecher zu entlarven, und bemerkt bald, in einem Netz aus Betrug, Korruption und Mord gefangen zu sein.",https://m.media-amazon.com/images/M/MV5BMmY2YTUyMDYtMWQzZS00ODNkLTgwNzMtZmIzMTM4ZTgyMDEyXkEyXkFqcGc@._V1_.jpg,Roman Polanski,"Drama, Mystery, Thriller"
Gone with the Wind,3 hours 58 minutes,8.2,Eine manipulative Südstaaten-Schönheit hat während des Amerikanischen Bürgerkriegs eine wilde Affäre mit einem Blockadebrecher.,https://m.media-amazon.com/images/M/MV5BOGRjYTllMzYtNjYwNC00MGNjLWJjOTQtZmUzYzNkNDgwMTBmXkEyXkFqcGc@._V1_.jpg,"Victor Fleming, George Cukor, Sam Wood","Drama, Liebesfilm, Kriegsfilm"
"Lock, Stock and Two Smoking Barrels",1 hours 47 minutes,8.1,"Ein verpfuschtes Kartenspiel in London lässt vier Freunde, Diebe, Marihuana-Züchter, Schwerverbrecher, Kredithaie und Schuldeneintreiber in einer Reihe unerwarteter Ereignisse aufeinandertreffen, und alles nur für ein bisschen Gra...",https://m.media-amazon.com/images/M/MV5BOThlMGVlODEtYzA2Yy00MDZmLWI4NzktNWRhZjliMzE4MDkyXkEyXkFqcGc@._V1_.jpg,Guy Ritchie,"Action, Komödie, Krimi"
El secreto de sus ojos,2 hours 9 minutes,8.2,"Ein pensionierter Rechtsberater beschließt, einen Roman zu schreiben, um endlich Licht in einen seiner letzten ungelösten Mordfälle sowie die unerwiderte Liebe zu seiner Vorgesetzten zu bringen - beides Dinge, die ihn seit Jahrzeh...",https://m.media-amazon.com/images/M/MV5BMTdmNGY1NTgtNGNlNS00MGVlLWE3ZGMtNWFlOTY3MzY1MDM4XkEyXkFqcGc@._V1_.jpg,Juan José Campanella,"Drama, Mystery, Liebesfilm"
V for Vendetta,2 hours 12 minutes,8.1,"In einem tyrannisch regierten Großbritannien der Zukunft plant ein undurchsichtiger Freiheitskämpfer, der nur unter dem Decknamen &quot;V&quot; bekannt ist, mit Hilfe einer jungen Frau einen Umsturz.",https://m.media-amazon.com/images/M/MV5BNGIyYTczYWEtMjIzZi00MWMwLTg4YjgtM2Q2MDlkOTAyNmNiXkEyXkFqcGc@._V1_.jpg,James McTeigue,"Action, Drama, Science-Fiction"
Inside Out,1 hours 35 minutes,8.1,"Die junge Riley wird plötzlich aus ihrem Leben im mittleren Westen gerissen, als Sie nach San Francisco umziehen muss. Ihre Emotionen - Freude, Angst, Wut, Abscheu und Traurigkeit - stehen dabei im Konflikt mit der Erkundung einer...",https://m.media-amazon.com/images/M/MV5BM2Y4YjlhMTktMWY0MC00MWMzLTk4MWItMTI2OWRkNDA0ZDA2XkEyXkFqcGc@._V1_.jpg,"Pete Docter, Ronnie Del Carmen","Animation, Abenteuer, Komödie"
"Three Billboards Outside Ebbing, Missouri",1 hours 55 minutes,8.1,"In diesem düster-komischen Drama setzt sich eine Mutter persönlich mit den örtlichen Behörden auseinander, um den Mord an ihrer Tochter zu lösen, als es diesen nicht gelingt, den Täter zu fassen.",https://m.media-amazon.com/images/M/MV5BNGZmYzJjODctMTBiNS00MjhlLTliMzItMjI1YzE3NDZmNTk1XkEyXkFqcGc@._V1_.jpg,Martin McDonagh,"Komödie, Krimi, Drama"
Raging Bull,2 hours 9 minutes,8.1,"Der hoch emotionale und selbstzerstörerische Lebensweg eines Boxers, den Gewalt und Zorn zu den Größten im Ring aufsteigen lassen und gleichzeitig sein Leben draußen zerstören.",https://m.media-amazon.com/images/M/MV5BNzFmMGQ2ZjQtZjBlYS00ODUyLWFhYWEtNGRkODFlMGJlNmY4XkEyXkFqcGc@._V1_.jpg,Martin Scorsese,"Biografie, Drama, Sportfilm"
Trainspotting,1 hours 33 minutes,8.1,"Renton, tief in der Drogenszene Edinburghs verwurzelt, versucht reinen Tisch zu machen und auszusteigen, trotz der großen Anziehungskraft der Drogen und des Einflusses seiner Freunde.",https://m.media-amazon.com/images/M/MV5BOThlYTljNjItMGMyYy00N2Y5LWFkNmQtYWM2YmJiMmRmNjNlXkEyXkFqcGc@._V1_.jpg,Danny Boyle,Drama
The Bridge on the River Kwai,2 hours 41 minutes,8.1,"Nachdem er seine Differenzen mit einem japanischen Kommandeur eines Kriegsgefangenenlagers aus dem Weg geräumt hat, beaufsichtigt ein britischer Oberstleutnant seine Männer beim Bau einer Eisenbahnbrücke und kooperiert mit dem Fei...",https://m.media-amazon.com/images/M/MV5BNDE2ZDQ0NGMtZjFjMi00MDUzLTk3MWEtYzA5MmVlMTY5ZTZlXkEyXkFqcGc@._V1_.jpg,David Lean,"Abenteuer, Drama, Kriegsfilm"
Klaus,1 hours 36 minutes,8.2,"Gutes zieht Gutes an, selbst an einem gefrorenen, fernen Ort. Als der Briefträger Jesper, sich mit dem Spielzeughersteller Klaus anfreundet, schmelzen ihre Geschenke eine uralte Fehde und liefern einen Schlitten voller Urlaubstrad...",https://m.media-amazon.com/images/M/MV5BOWUzNDA2NjUtMDY0OC00YWJhLTk1ZjEtNzViNWNhZGJmMjA0XkEyXkFqcGc@._V1_.jpg,"Sergio Pablos, Carlos Martínez López","Animation, Abenteuer, Komödie"
Catch Me If You Can,2 hours 21 minutes,8.1,"Die wahre Geschichte von Frank Abagnale Jr., der vor seinem 19. Geburtstag erfolgreich Schecks im Wert mehrerer Millionen Dollar als Pilot bei Pan Am, Arzt und Staatsanwalt ergaunerte.",https://m.media-amazon.com/images/M/MV5BMmI0OTc4NjEtMzIwZi00YzdiLTkwOWMtOGMyY2U4ZTY0ZWVhXkEyXkFqcGc@._V1_.jpg,Steven Spielberg,"Biografie, Krimi, Drama"
Fargo,1 hours 38 minutes,8.1,Jerry Lundegaards stümperhaft ausgeführtes Verbrechen scheitert an seinen vollkommen unfähigen Spießgesellen und der unnachgiebigen Polizeiarbeit der doch recht schwangeren Marge Gunderson.,https://m.media-amazon.com/images/M/MV5BYjRkNzg2MjAtY2E5MS00MTNhLWE0MWMtYzZkNTY4ZTc4MDcxXkEyXkFqcGc@._V1_.jpg,"Joel Coen, Ethan Coen","Krimi, Thriller"
Warrior,2 hours 20 minutes,8.1,"Der jüngste Sohn eines alkoholsüchtigen, ehemaligen Boxers kehrt nach Hause zurück, wo ihn sein Vater für die Teilnahme an Mixed-Martial-Arts-Turnieren trainiert - ein Pfad, der ihn auf Kollisionskurs mit seinem mit ihm zerstritte...",https://m.media-amazon.com/images/M/MV5BMTQyMzIyMTU4OV5BMl5BanBnXkFtZTcwNzU4ODI3Nw@@._V1_.jpg,Gavin O&apos;Connor,"Action, Drama, Sportfilm"
Spider-Man: No Way Home,2 hours 28 minutes,8.2,"Da Spider-Mans Identität nun aufgedeckt ist, bittet Peter Doktor Strange um Hilfe. Als ein Zauber schiefgeht, tauchen gefährliche Feinde aus anderen Welten auf und zwingen Peter zu entdecken, was es wirklich bedeutet, Spider-Man z...",https://m.media-amazon.com/images/M/MV5BNjc1YjE1ZDMtYTVlYy00NGZlLWExYmEtMTdlYzYwMzk5OWZlXkEyXkFqcGc@._V1_.jpg,Jon Watts,"Action, Abenteuer, Fantasy"
Gran Torino,1 hours 56 minutes,8.1,"Walt Kowalski, ein frustrierter Veteran des Koreakriegs, setzt sich zum Ziel, seinen jugendlichen Nachbarn vom Volk der Hmong zu läutern, der versucht hatte, Kowalskis wertvollsten Besitz zu stehlen: einen Gran Torino Baujahr 1972.",https://m.media-amazon.com/images/M/MV5BMTc5NTk2OTU1Nl5BMl5BanBnXkFtZTcwMDc3NjAwMg@@._V1_.jpg,Clint Eastwood,Drama
Harry Potter and the Deathly Hallows - Part 2,2 hours 10 minutes,8.1,"Harry, Ron und Hermione suchen nach Voldemorts verbliebenen Horkruxes. Sie wollen den dunklen Herrscher zerstören und die letzte Schlacht findet in Hogwarts statt.",https://m.media-amazon.com/images/M/MV5BNGFhM2VhOTktOGYxOC00Yjc3LTlmMzEtZDZhYzAwYjVlYjVlXkEyXkFqcGc@._V1_.jpg,David Yates,"Abenteuer, Familienfilm, Fantasy"
Million Dollar Baby,2 hours 12 minutes,8.1,"Eine Frau, die weiß, was sie will, arbeitet mit einem abgebrühten Boxtrainer daran, Profiboxerin zu werden.",https://m.media-amazon.com/images/M/MV5BMTkxNzA1NDQxOV5BMl5BanBnXkFtZTcwNTkyMTIzMw@@._V1_.jpg,Clint Eastwood,"Drama, Sportfilm"
Tonari no Totoro,1 hours 26 minutes,8.1,"Als zwei Mädchen aufs Land ziehen, um dort ihrer kranken Mutter nahe zu sein, erleben sie im nahegelegenen Wald Abenteuer, denn dort leben die wundersamen Waldgeister.",https://m.media-amazon.com/images/M/MV5BYWE1ODkzNmUtMjIyNy00ZjY3LTk0YTAtMDhiYTk4YzEzMjRlXkEyXkFqcGc@._V1_.jpg,Hayao Miyazaki,"Animation, Komödie, Familienfilm"
Mad Max: Fury Road,2 hours,8.1,"Eine Frau rebelliert auf der Suche nach ihrer Heimat gegen einen tyrannischen Herrscher im postapokalyptischen Australien und trifft dabei auf eine Gruppe weiblicher Gefangener, einen psychotischen Verehrer und einen Außenseiter n...",https://m.media-amazon.com/images/M/MV5BNTU2ZDkzMzItOWViYi00Yzg1LWJhZjItNjRhMGI1M2U4MGRhXkEyXkFqcGc@._V1_.jpg,George Miller,"Action, Abenteuer, Science-Fiction"
Bacheha-Ye aseman,1 hours 29 minutes,8.2,"Nachdem ein Junge die Schuhe seiner Schwester verloren hat, bricht er zu einer Reihe von Abenteuern auf, um sie wiederzufinden. Als das nicht klappt, versucht er auf einem anderen Weg ein neues Paar Schuhe zu &quot;gewinnen&quot;.",https://m.media-amazon.com/images/M/MV5BZWZlMjNhNzgtZGRhOS00Y2U5LThjOTctODNjZTI0ZTBiYzBhXkEyXkFqcGc@._V1_.jpg,Majid Majidi,"Drama, Familienfilm, Sportfilm"
Ben-Hur,3 hours 32 minutes,8.1,"Nachdem ein jüdischer Prinz von einem römischen Freund betrogen und in die Sklaverei geschickt wurde, erlangt er seine Freiheit wieder und kehrt zurück, um sich zu rächen.",https://m.media-amazon.com/images/M/MV5BNjg2M2E1YzYtOThmMC00NjAyLWI5MzgtMDEwOGFiODdlOGUzXkEyXkFqcGc@._V1_.jpg,William Wyler,"Abenteuer, Drama"
12 Years a Slave,2 hours 14 minutes,8.1,"In den Vereinigten Staaten vor dem Bürgerkrieg wird Solomon Northup, ein freier Schwarzer aus dem Hinterland New Yorks, entführt und in die Sklaverei verkauft.",https://m.media-amazon.com/images/M/MV5BM2Q0MDg3NTMtZWNhMy00OTFlLWI0OTgtZTBkMzZmYjYyOWU3XkEyXkFqcGc@._V1_.jpg,Steve McQueen,"Biografie, Drama, Geschichte"
Barry Lyndon,3 hours 5 minutes,8.1,Im England des 18. Jahrhunderts gewinnt ein irischer Schurke das Herz einer reichen Witwe und übernimmt die aristokratische Stellung ihres verstorbenen Ehemanns.,https://m.media-amazon.com/images/M/MV5BNmM2MGQ5Y2UtYzA3ZC00ZDJlLTkwNDYtMjBmZGExZDJiN2RlXkEyXkFqcGc@._V1_.jpg,Stanley Kubrick,"Abenteuer, Drama, Kriegsfilm"
Before Sunrise,1 hours 41 minutes,8.1,"Ein junger Mann und eine Frau treffen sich in einem Zug in Europa, bis sie schließlich einen gemeinsamen Abend in Wien verbringen. Leider wissen sie jedoch auch, dass es wahrscheinlich ihr letzter gemeinsamer Abend sein wird.",https://m.media-amazon.com/images/M/MV5BMDk3YWRkODctY2E1Ni00MTQwLThmOTEtNTNkOTNjNWU5ZWM1XkEyXkFqcGc@._V1_.jpg,Richard Linklater,"Drama, Liebesfilm"
Blade Runner,1 hours 57 minutes,8.1,"Ein Blade Runner muss vier Replikanten verfolgen und versuchen, sie zu eliminieren, weil sie ein Raumschiff gestohlen haben und zur Erde zurückgekehrt sind, um ihren Schöpfer zu finden.",https://m.media-amazon.com/images/M/MV5BM2E5NWNiYWMtMDY0OS00MmIwLWI2MDctNjA5Y2NmZGJlNjQ4XkEyXkFqcGc@._V1_.jpg,Ridley Scott,"Action, Drama, Science-Fiction"
The Grand Budapest Hotel,1 hours 39 minutes,8.1,"Die Abenteuer von Gustave H, einem legendären Portier eines berühmten Hotels in der fiktionalen Republik Zubrowka der Zwischenkriegszeit, und Zéro Moustafa, dem Lobby Boy, der zu seinem treuesten Freund wird.",https://m.media-amazon.com/images/M/MV5BNzA5NzI4NGQtNTg5MC00OGI1LWFiMzgtNTcxZjIyOTEzNjg3XkEyXkFqcGc@._V1_.jpg,Wes Anderson,"Abenteuer, Komödie, Krimi"
Hacksaw Ridge,2 hours 19 minutes,8.1,"Desmond T. Doss, der im 2. Weltkrieg als amerikanischer Sanitätssoldat an der Schlacht von Okinawa beteiligt war, weigert sich, Menschen zu töten, und ist der erste Mann in der Geschichte der USA, der die Medal of Honor erhält, oh...",https://m.media-amazon.com/images/M/MV5BYjNkMmU1YmYtZjIxYy00ZTM5LWI3YmQtZGQzMjBmMzNjNjljXkEyXkFqcGc@._V1_.jpg,Mel Gibson,"Biografie, Drama, Geschichte"
Gone Girl,2 hours 29 minutes,8.1,"Nachdem das Verschwinden seiner Frau zum Mittelpunkt eines riesigen Medienzirkus geworden ist, sieht sich ein Mann plötzlich selbst im Rampenlicht stehen, als der Verdacht entsteht, er könne wohl nicht ganz unschuldig sein.",https://m.media-amazon.com/images/M/MV5BZjIzMzBhNDctNDQzNy00ODdiLWIwY2EtZGZlMjY5Y2Q4M2Y5XkEyXkFqcGc@._V1_.jpg,David Fincher,"Drama, Mystery, Thriller"
Maharaja,2 hours 21 minutes,8.5,"Ein Friseur will sich rächen, nachdem in sein Haus eingebrochen wurde. Er teilt der Polizei kryptisch mit, dass seine &quot;Lakshmi&quot; entwendet wurde, und lässt sie im Unklaren darüber, ob es sich um eine Person oder einen Gegenstand ha...",https://m.media-amazon.com/images/M/MV5BOTFlMTIxOGItZTk0Zi00MTk2LWJiM2UtMzlhZWYzNjQ4N2Y3XkEyXkFqcGc@._V1_.jpg,Nithilan Saminathan,"Action, Krimi, Drama"
Dead Poets Society,2 hours 8 minutes,8.1,"Der Englischlehrer John Keating inspiriert seine Schüler, sich der Dichtkunst aus einer anderen Perspektive anzunähern: mithilfe authentischer Erkenntnisse und Gefühle.",https://m.media-amazon.com/images/M/MV5BZTUxYmMzZDEtYjk2YS00MWUzLWIyZjUtNDRjYWI4N2RhY2IzXkEyXkFqcGc@._V1_.jpg,Peter Weir,"Komödie, Drama"
Salinui chueok,2 hours 11 minutes,8.1,"In einer kleinen koreanischen Provinz kämpften 1986 drei Detektive mit dem Fall, dass mehrere junge Frauen von einem unbekannten Täter vergewaltigt und ermordet aufgefunden wurden.",https://m.media-amazon.com/images/M/MV5BYmRjOWE5NmMtYTdkYS00ODFlLWJiMTMtYzE2NDZlZjlkZDQ0XkEyXkFqcGc@._V1_.jpg,Bong Joon Ho,"Krimi, Drama, Mystery"
In the Name of the Father,2 hours 13 minutes,8.1,"Das erzwungene Geständnis eines Mannes, an einem Bombenattentat der IRA beteiligt gewesen zu sein, führt auch noch zur Verhaftung seines Vaters. Ein englischer Rechtsanwalt kämpft für ihre Freilassung.",https://m.media-amazon.com/images/M/MV5BYTIwMWEwMDQtMjAwMS00NDRjLWI5ZWUtZWM5MTgxMTFjOWVkXkEyXkFqcGc@._V1_.jpg,Jim Sheridan,"Biografie, Krimi, Drama"
The Gold Rush,1 hours 35 minutes,8.1,"Ein Glücksritter macht sich auf zum Klondike, um nach Gold zu suchen, findet es und noch mehr.",https://m.media-amazon.com/images/M/MV5BOGU2OTgxYmYtNGRiYS00NmMyLTk4NDQtNGZhODI4MzJjMDYzXkEyXkFqcGc@._V1_.jpg,Charles Chaplin,"Abenteuer, Komödie, Drama"
"Monsters, Inc.",1 hours 32 minutes,8.1,"Um die Stadt mit Energie zu versorgen, müssen Monster nachts Kinder erschrecken, sodass sie schreien. Kinder sind für Monster jedoch wie Gift und als ihnen ein Kind entweicht, stellen zwei Monster fest, dass die Dinge vielleicht d...",https://m.media-amazon.com/images/M/MV5BYzY5M2NmZGUtMGM2Zi00NmM4LWIxNTktNjc1NzQ2YzBjZmY5XkEyXkFqcGc@._V1_.jpg,"Pete Docter, David Silverman, Lee Unkrich","Animation, Abenteuer, Komödie"
Relatos salvajes,2 hours 2 minutes,8.1,"Sechs kurze Geschichten, in denen Extremformen des menschlichen Verhaltens erforscht werden und Menschen in große Bedrängnis geraten.",https://m.media-amazon.com/images/M/MV5BODQwNmRjOWEtNjdkOS00OTViLTk4MDQtMjkwMWE0NWQ3YzYzXkEyXkFqcGc@._V1_.jpg,Damián Szifron,"Komödie, Drama, Thriller"
The Deer Hunter,3 hours 3 minutes,8.1,"Eine eingehende Untersuchung dessen, wie der Vietnamkrieg auf verschiedene Art und Weise das Leben der Menschen in einer kleinen Industriestadt in Pennsylvania beeinflusst und zerrüttet.",https://m.media-amazon.com/images/M/MV5BMzMzNDczZjQtODlkYi00YTE5LWI5ZjItYjZkMmI3NzU1N2RkXkEyXkFqcGc@._V1_.jpg,Michael Cimino,"Drama, Kriegsfilm"
The General,1 hours 18 minutes,8.1,"Nachdem im Amerikanischen Bürgerkrieg Spione des Unionsheeres das heißgeliebte Dampfross des Lokführers gestohlen haben, übernimmt dieser im Alleingang die Verfolgung, quer durch alle feindlichen Linien.",https://m.media-amazon.com/images/M/MV5BMTY0NjU3MzQyOF5BMl5BanBnXkFtZTgwOTEyODg5MTE@._V1_.jpg,"Clyde Bruckman, Buster Keaton","Action, Abenteuer, Komödie"
Sherlock Jr.,45 minutes,8.2,"Ein Filmvorführer, der sich danach sehnt, als Detektiv zu arbeiten, muss seine bescheidenen Fertigkeiten einsetzen, als er von einem Rivalen hereingelegt und beschuldigt wird, die Taschenuhr des Vaters seiner Freundin gestohlen zu...",https://m.media-amazon.com/images/M/MV5BZWFhOGU5NDctY2Q3YS00Y2VlLWI1NzEtZmIwY2ZiZjY4OTA2XkEyXkFqcGdeQXVyMDI2NDg0NQ@@._V1_.jpg,Buster Keaton,"Action, Komödie, Liebesfilm"
Jaws,2 hours 4 minutes,8.1,"Der kleine Badeort Amity Island wird von einem gefräßigen Hai heimgesucht, bis sich ein Polizist, ein Meeresbiologe und ein alter Fischer aufmachen, ihn zur Strecke zu bringen.",https://m.media-amazon.com/images/M/MV5BYTUwZDAyNGQtZjg1NC00MjYxLWJlYzUtNWQxYThhZDU4OGEzXkEyXkFqcGc@._V1_.jpg,Steven Spielberg,"Abenteuer, Drama, Thriller"
Ratatouille,1 hours 51 minutes,8.1,"In einem berühmten Restaurant bilden eine Ratte, die kochen kann und ein junger Küchenarbeiter ein ungewöhnliches Team.",https://m.media-amazon.com/images/M/MV5BM2JhYjUwM2EtMzI5ZC00ZTQwLTgwY2YtNzIzMmQ5ZGEzZjlmXkEyXkFqcGc@._V1_.jpg,"Brad Bird, Jan Pinkava","Animation, Abenteuer, Komödie"
How to Train Your Dragon,1 hours 38 minutes,8.1,"Eine unglückliche junge Wikinger, Drachen jagen will, wird unwahrscheinlich Freund eines jungen Drachen selbst und erfährt dort möglicherweise mehr zu den Kreaturen, als er angenommen.",https://m.media-amazon.com/images/M/MV5BOTQyNjNlMjctYzY5YS00NzVmLWIyMmQtNzRlNGEzOThlMmRlXkEyXkFqcGc@._V1_.jpg,"Dean DeBlois, Chris Sanders","Animation, Action, Abenteuer"
On the Waterfront,1 hours 48 minutes,8.1,"Ein ehemaliger Preisboxer und Hafenarbeiter kämpft darum, seinen korrupten Gewerkschaftsbossen standzuhalten.",https://m.media-amazon.com/images/M/MV5BMTkxNzgyMzExMF5BMl5BanBnXkFtZTgwMTI2OTI3MjE@._V1_.jpg,Elia Kazan,"Krimi, Drama, Thriller"
Mary and Max.,1 hours 32 minutes,8.1,"Die Geschichte einer recht merkwürdigen Brieffreundschaft: Mary, ein einsames, achtjähriges Mädchen, das in der Vorstadt von Melbourne lebt, und Max, ein vierundvierzigjähriger, massiv fettleibiger Mann, der in New York wohnt.",https://m.media-amazon.com/images/M/MV5BYWZlNjcxNTItOWQ1NS00OTQ4LTk0MDktMjg2NjYyYWNkNjJiXkEyXkFqcGc@._V1_.jpg,Adam Elliot,"Animation, Komödie, Drama"
Le salaire de la peur,2 hours 30 minutes,8.1,"In einem heruntergekommenen südamerikanischen Dorf werden ein paar Männer für einen dringenden Nitroglyzerintransport angeheuert, ohne dass dafür die notwendige Sicherheitsausrüstung vorhanden wäre.",https://m.media-amazon.com/images/M/MV5BMDdhOGMwODQtZGM2MS00NGQxLWEyZDMtOTkzMjFjYjI3ZmM2XkEyXkFqcGc@._V1_.jpg,Henri-Georges Clouzot,"Abenteuer, Drama, Thriller"
Smultronstället,1 hours 32 minutes,8.1,Am Ende eines von Gefühlskälte geprägten Lebens wird ein in die Jahre gekommener Professor mit der Leere seiner Existenz konfrontiert.,https://m.media-amazon.com/images/M/MV5BZWQ5MDllM2EtZWRmNS00MmZiLWI4ZWQtMjRiY2Q5MTAxODY4XkEyXkFqcGc@._V1_.jpg,Ingmar Bergman,"Drama, Liebesfilm"
The Third Man,1 hours 44 minutes,8.1,"Der Autor Holly Martins reist in ein düsteres Wien der Nachkriegszeit, wo er den mysteriösen Tod seines alten Freundes Harry Lime untersucht.",https://m.media-amazon.com/images/M/MV5BZmQwMjYwNjktNTYyMi00YzUzLWI5NDYtODMwNTRkOGEzNDg5XkEyXkFqcGc@._V1_.jpg,Carol Reed,"Film Noir, Mystery, Thriller"
Ford v Ferrari,2 hours 32 minutes,8.1,Die wahre Geschichte des Kampfes zwischen Ford und Ferrari um den Sieg von Le Mans im Jahr 1966.,https://m.media-amazon.com/images/M/MV5BYmM5YTI1MzAtOTIxYi00NzFmLWIzZDctNTY1MmEwODU0NzUzXkEyXkFqcGc@._V1_.jpg,James Mangold,"Action, Biografie, Drama"
Mr. Smith Goes to Washington,2 hours 9 minutes,8.1,"Ein recht unbedarfter, doch unbestechlicher Mann wird dazu ernannt, einen freigewordenen Posten im amerikanischen Senat zu übernehmen. Seine guten Absichten kommen alsbald der politischen Korruption ins Gehege, doch zurücktreten w...",https://m.media-amazon.com/images/M/MV5BOGFhZWE2NjMtNGFkMi00NDA3LTgxM2MtN2YxOTAwNzk5YmJkXkEyXkFqcGc@._V1_.jpg,Frank Capra,"Komödie, Drama"
Logan,2 hours 17 minutes,8.1,"In der nahen Zukunft kümmert sich ein müder Logan in einem Versteck an der mexikanischen Grenze um den kränkelnden Professor X. Logans Versuche, sich vor der Welt und seinem Erbe zu verstecken, finden jedoch ein jähes Ende, als ei...",https://m.media-amazon.com/images/M/MV5BMDVhZGM0NmItMjQ5NS00ZjlhLWE3MDItNWVjM2UyMTYwYzc1XkEyXkFqcGc@._V1_.jpg,James Mangold,"Action, Drama, Science-Fiction"
Tôkyô monogatari,2 hours 16 minutes,8.1,Ein älteres Ehepaar besucht seine Kinder und Enkelkinder in der Stadt; doch die Kinder haben kaum Zeit für sie.,https://m.media-amazon.com/images/M/MV5BZjY4YTBiZDItNGE1Yy00ODQ3LTk4OTItNjFkMjY0MWY0ZmY4XkEyXkFqcGc@._V1_.jpg,Yasujirô Ozu,Drama
Rocky,2 hours,8.1,"Rocky Balbao, ein kleines Licht am Boxerhimmel, erhält plötzlich die einmalige Chance, gegen den Schwergewichtsweltmeister, Apollo Creed, in den Ring zu treten, wo er schließlich versucht, seine Selbstachtung zu bewahren und über ...",https://m.media-amazon.com/images/M/MV5BZDk4MGM3ZjAtYjE2YS00YTY3LWI4OWQtZDMzZGY1NmMzN2U1XkEyXkFqcGc@._V1_.jpg,John G. Avildsen,"Drama, Sportfilm"
The Big Lebowski,1 hours 57 minutes,8.1,Der &quot;Dude&quot; mit Nachnamen Lebowski wird fälschlicherweise für den Millionär Lebowski gehalten und verlangt mit Hilfe seiner Bowling-Kumpel Entschädigung für seinen ruinierten Teppich.,https://m.media-amazon.com/images/M/MV5BMzliZDk0NjctNjhlOC00MWEyLWI3OWYtNjA5ZDYxMTMzNTc5XkEyXkFqcGdeQXVyNTAyODkwOQ@@._V1_.jpg,"Joel Coen, Ethan Coen","Komödie, Krimi"
Det sjunde inseglet,1 hours 36 minutes,8.1,"Ein Mann sucht nach Antworten auf Fragen zu Leben, Tod und der Existenz Gottes, als er während der Pest eine Partie Schach gegen den Sensenmann spielt.",https://m.media-amazon.com/images/M/MV5BOGYyMTc2ODEtZDc1Ny00ZWIwLWE5ZWYtM2I5OGZmMWVkY2VhXkEyXkFqcGc@._V1_.jpg,Ingmar Bergman,"Drama, Fantasy"
Room,1 hours 58 minutes,8.1,"Ein kleiner Junge wird seit seiner Geburt in einem Raum mit seiner Mutter gehalten, deshalb kennt er die Außenwelt nicht.",https://m.media-amazon.com/images/M/MV5BZGNmMjk2NGItZmEyYy00NDFhLTlmN2ItNjJhYWY0ZWM1OTcwXkEyXkFqcGc@._V1_.jpg,Lenny Abrahamson,"Drama, Thriller"
Spotlight,2 hours 9 minutes,8.1,"Die wahre Geschichte, wie der Boston Globe den weitreichenden Skandal von Kindermissbrauch und Vertuschung durch die katholische Erzdiözese aufdeckte, der die gesamte katholische Kirche bis in ihre Grundfesten erschütterte.",https://m.media-amazon.com/images/M/MV5BOGRlMTY2ZTQtMmI5NS00ZWI3LTg3MmQtZmQ5OGMzYjY0ZGFmXkEyXkFqcGc@._V1_.jpg,Tom McCarthy,"Biografie, Krimi, Drama"
The Terminator,1 hours 47 minutes,8.1,"Ein menschenähnlicher, unzerstörbarer Cyborg wird 2029 zurück in das Jahr 1984 geschickt, um eine Serviererin zu ermorden, deren noch ungeborener Sohn die Menschheit einmal im Kampf gegen die Maschinen anführen wird, während gleic...",https://m.media-amazon.com/images/M/MV5BNjk0NzMyMjQzN15BMl5BanBnXkFtZTgwNjM5MTk5MDE@._V1_.jpg,James Cameron,"Action, Abenteuer, Science-Fiction"
Hotel Rwanda,2 hours 1 minutes,8.1,"Paul Rusesabagina war ein Hotelmanager in Ruanda, der über eintausend Tutsi bei sich aufnahm, als diese vor der Miliz der Hutu flüchteten.",https://m.media-amazon.com/images/M/MV5BYThkYjg1MzgtODllZC00YmIzLTk5YjAtNGVjZDIzNGUxMjAzXkEyXkFqcGc@._V1_.jpg,Terry George,"Biografie, Drama, Geschichte"
Platoon,2 hours,8.1,"Ein junger Rekrut in Vietnam gerät in eine moralische Krise, als er sich mit den Schrecken des Krieges und der Doppelnatur des Menschen konfrontiert sieht.",https://m.media-amazon.com/images/M/MV5BNDViODhmNjEtNWQ2Zi00MDdjLWIzMjAtODA4NjI1Y2I0YmIzXkEyXkFqcGc@._V1_.jpg,Oliver Stone,"Drama, Kriegsfilm"
La haine,1 hours 38 minutes,8.1,"24 Stunden im Leben von drei jungen Männern in französischen Vorstädten, einen Tag nach gewalttätigen Ausschreitungen.",https://m.media-amazon.com/images/M/MV5BY2ZmODgwYTEtODVhMy00MzBjLWE4YWQtYTkzNzVmZGIxMDlkXkEyXkFqcGc@._V1_.jpg,Mathieu Kassovitz,"Krimi, Drama"
Pirates of the Caribbean: The Curse of the Black Pearl,2 hours 23 minutes,8.1,"Waffenschmied Will Turner tut sich mit dem exzentrischen Piraten &quot;Captain&quot; Jack Sparrow zusammen, um seine große Liebe, die Tochter des Gouverneurs, aus den Händen der Piraten zu retten, die früher mit Jack verbündet waren, jetzt ...",https://m.media-amazon.com/images/M/MV5BMTIzODgzNDM5M15BMl5BanBnXkFtZTcwMjU3NDAwMQ@@._V1_.jpg,Gore Verbinski,"Action, Abenteuer, Fantasy"
Before Sunset,1 hours 20 minutes,8.1,Neun Jahre nach dem ersten Treffen zwischen Jesse und Celine begegnen sie sich auf der französischen Etappe von Jesses Buchtournee wieder.,https://m.media-amazon.com/images/M/MV5BODc0M2Y5NGEtMDBjYy00NGVjLWExMTYtNzFiODZmYTc3ZmVjXkEyXkFqcGc@._V1_.jpg,Richard Linklater,"Drama, Liebesfilm"
La passion de Jeanne d'Arc,1 hours 50 minutes,8.1,"Eine Chronik des Prozesses gegen die der Ketzerei angeklagten Jungfrau von Orléans und der Anstrengungen ihrer kirchlichen Richter, sie zur Widerrufung ihrer heiligen Visionen zu zwingen.",https://m.media-amazon.com/images/M/MV5BZmI0Y2NkZmMtYjFmMi00ZTMxLWIyN2ItNjM2NmJhMWI4MTNiXkEyXkFqcGc@._V1_.jpg,Carl Theodor Dreyer,"Biografie, Drama, Geschichte"
Jai Bhim,2 hours 44 minutes,8.7,"Als ein Stammesangehöriger wegen eines angeblichen Diebstahls verhaftet wird, wendet sich seine Frau an einen Menschenrechtsanwalt, um Gerechtigkeit zu erreichen.",https://m.media-amazon.com/images/M/MV5BZjEyNDIzNmEtMjdkYS00ZDAwLTljOWYtNDRhYTVhYTlmOTk1XkEyXkFqcGc@._V1_.jpg,T.J. Gnanavel,"Krimi, Drama, Mystery"
The Best Years of Our Lives,2 hours 50 minutes,8.1,"Drei Veteranen kehren nach Ende des Zweiten Weltkriegs in eine amerikanische Kleinstadt zurück, wo sie entdecken, dass sie und ihre Familien sich unwiderruflich geändert haben.",https://m.media-amazon.com/images/M/MV5BNGRmNjVjMjMtMjM3OC00OTdjLWEwNGYtMWM1MWM5ZTNjMTQ0XkEyXkFqcGc@._V1_.jpg,William Wyler,"Drama, Liebesfilm, Kriegsfilm"
The Exorcist,2 hours 2 minutes,8.1,"Als eine Teenagerin von einem mysteriösen Wesen besessen wird, sucht ihre Mutter Hilfe bei zwei Priestern, die ihre Tochter retten sollen.",https://m.media-amazon.com/images/M/MV5BZjA1YjgxYzctZDBmZS00OThkLWJlODEtMzU3Zjk4ZmFlZmJlXkEyXkFqcGc@._V1_.jpg,William Friedkin,Horror
Rush,2 hours 3 minutes,8.1,Der gnadenlose Konkurrenzkampf zwischen den beiden Formel-1-Rivalen James Hunt und Niki Lauda in den 1970er-Jahren.,https://m.media-amazon.com/images/M/MV5BMmRhYTFhZDQtZGExMS00MzcxLWI2YTctMWI2ZjhiMmUyNjNlXkEyXkFqcGc@._V1_.jpg,Ron Howard,"Action, Biografie, Drama"
The Incredibles,1 hours 55 minutes,8,"Eine Familie von Undercover-Superhelden wird, während sie versuchen, das ruhige Vorstadtleben zu leben, gezwungen, die Welt zu retten.",https://m.media-amazon.com/images/M/MV5BNzNlNjMyNmUtMGE2Ni00YzJhLTlmNzgtY2E2MTA1NGU3YjBkXkEyXkFqcGc@._V1_.jpg,Brad Bird,"Animation, Action, Abenteuer"
The Wizard of Oz,1 hours 42 minutes,8.1,"Dorothy Gale wird von einem Tornado in ein magisches Land fortgerissen, wo sie sich auf die Suche nach dem Zauberer begibt, der ihr dabei helfen kann, wieder nach Hause zurückzukehren.",https://m.media-amazon.com/images/M/MV5BMzIzMjE0MTU1MF5BMl5BanBnXkFtZTgwNDczMjM5MzE@._V1_.jpg,"Victor Fleming, King Vidor","Abenteuer, Familienfilm, Fantasy"
Network,2 hours 1 minutes,8.1,"Ein Fernsehsender benutzt die wirren Äußerungen und Enthüllungen, die ein geistig verwirrter, ehemaliger Moderator über die Nachrichtenmedien machte, zynisch zum eigenen Vorteil.",https://m.media-amazon.com/images/M/MV5BMjg1MDZkNmMtOWM2Mi00MDM0LWE1YjQtNzE2NWJjOTc2ODdmXkEyXkFqcGc@._V1_.jpg,Sidney Lumet,Drama
Stand by Me,1 hours 29 minutes,8.1,"Nach dem Tod eines Freundes erzählt ein Schriftsteller von einer Wanderung in ihrer Jugendzeit, die sie gemeinsam unternahmen, um den toten Körper eines vermissten Jungen zu finden.",https://m.media-amazon.com/images/M/MV5BY2U4YmIxZDgtM2FiYi00ZTBiLTkzMTktMjVjYTI4ZWUwYzNlXkEyXkFqcGc@._V1_.jpg,Rob Reiner,"Abenteuer, Komödie, Drama"
Hachi: A Dog's Tale,1 hours 33 minutes,8.1,"Die Bindung eines College-Professors an einen herrenlosen Hund, den er mit nach Hause nimmt.",https://m.media-amazon.com/images/M/MV5BMDQ0MzJmNzUtNjlkZi00ZjgwLTkyNTgtYzRkZDAxNTE5YjMwXkEyXkFqcGc@._V1_.jpg,Lasse Hallström,"Biografie, Drama, Familienfilm"
The Sound of Music,2 hours 52 minutes,8.1,"Eine Frau verlässt ein österreichisches Kloster, um die Gouvernante der Kinder eines verwitweten Marineoffiziers zu werden.",https://m.media-amazon.com/images/M/MV5BMDFjY2VlODMtYjc4Yy00NWRlLThhMTQtNTg1OTNkMjQ5YTUyXkEyXkFqcGc@._V1_.jpg,Robert Wise,"Biografie, Drama, Familienfilm"
Babam ve Oglum,1 hours 52 minutes,8.2,Die Familie eines linken Journalisten wird nach einem Militärputsch in der Türkei der 1980&apos;er Jahre auseinandergerissen.,https://m.media-amazon.com/images/M/MV5BZDE3MTBkNmQtNGFjMC00YTcwLWExY2ItN2MyMGZkNWJlMmFmXkEyXkFqcGc@._V1_.jpg,Çagan Irmak,"Drama, Familienfilm"
Ah-ga-ssi,2 hours 25 minutes,8.1,Eine Frau wird als Dienerin einer japanischen Erbin eingestellt. Insgeheim ist sie jedoch Teil einer Verschwörung und soll sie hintergehen.,https://m.media-amazon.com/images/M/MV5BN2VkNTg3MmUtMzM2Yy00NzQ0LTljZDItYWM0ZjUxMjRmZjJmXkEyXkFqcGc@._V1_.jpg,Park Chan-wook,"Drama, Liebesfilm, Thriller"
To Be or Not to Be,1 hours 39 minutes,8.1,"Während Polen von den Nazis besetzt ist, versucht eine Theatertruppe einem polnischen Soldaten dabei zu helfen, einen deutschen Spion aufzuspüren.",https://m.media-amazon.com/images/M/MV5BMTAwMDAyNzM4NjNeQTJeQWpwZ15BbWU4MDg2MDAyNDIx._V1_.jpg,Ernst Lubitsch,"Komödie, Liebesfilm, Kriegsfilm"
Into the Wild,2 hours 28 minutes,8.1,Nach seinem Abschluss an der Emory University gibt der Topstudent und Spitzensportler Christopher McCandless sein Hab und Gut auf und spendet sein gesamtes Sparkonto in Höhe von 24.000 Dollar einer Wohltätigkeitsorganisation. Per ...,https://m.media-amazon.com/images/M/MV5BNTgwZTJhNWMtNzVjMy00YzQzLWI4MTAtYmJhOGQ5ZmQ3MDM0XkEyXkFqcGc@._V1_.jpg,Sean Penn,"Abenteuer, Biografie, Drama"
La battaglia di Algeri,2 hours 1 minutes,8.1,"In den 1950er-Jahren eskaliert die Gewalt in Algier, wo die Bevölkerung für die Unabhängigkeit von der französischen Regierung kämpft.",https://m.media-amazon.com/images/M/MV5BNjk1NDc5ODYtZWRmNy00NjQ2LWE5OGUtNWMwOThhZGM0MGM0XkEyXkFqcGc@._V1_.jpg,Gillo Pontecorvo,"Drama, Kriegsfilm"
The Grapes of Wrath,2 hours 9 minutes,8.1,"Eine arme Familie im Mittleren Westen wird von ihrem Land vertrieben. Sie fahren nach Kalifornien, wo sie die Missgeschicke der Obdachlosen zur Zeit der Großen Depression miterleiden.",https://m.media-amazon.com/images/M/MV5BZjQwZDNkMDgtYTkzOS00M2MxLTg1YTMtYjg3MGYxMGRjNjc5XkEyXkFqcGc@._V1_.jpg,John Ford,Drama
Groundhog Day,1 hours 41 minutes,8,"Ein Wetteransager stellt fest, dass er den gleichen Tag immer wieder aufs Neue erlebt.",https://m.media-amazon.com/images/M/MV5BOTEzNTgxYmMtODE2MC00ZTc3LWFhMjYtMjY2ZWVmYmYyZGE0XkEyXkFqcGc@._V1_.jpg,Harold Ramis,"Komödie, Drama, Fantasy"
The Iron Giant,1 hours 26 minutes,8.1,"Ein kleiner Junge freundet sich mit einem riesigen Roboter aus dem All an, den ein paranoider Regierungsagent zerstören will.",https://m.media-amazon.com/images/M/MV5BNTg5OTdjZmQtM2VjYi00YWU0LWFmNGQtZjk2ODNiODUzYTY5XkEyXkFqcGc@._V1_.jpg,Brad Bird,"Animation, Action, Abenteuer"
Amores perros,2 hours 34 minutes,8,"Ein schrecklicher Autounfall verbindet drei Geschichten miteinander. In jeder von ihnen haben sich die Figuren mit Verlust, Reue und den harten Realitäten des Lebens auseinanderzusetzen, und alles im Namen der Liebe.",https://m.media-amazon.com/images/M/MV5BYjhiYWYyYjYtMjZlMS00YTZkLWI2MWUtNmQwZGI5MTI4MTBjXkEyXkFqcGc@._V1_.jpg,Alejandro G. Iñárritu,"Drama, Thriller"
Rebecca,2 hours 10 minutes,8.1,"Eine selbstbewusste Braut wird von Erinnerungen an die verstorbene, erste Frau ihres zukünftigen Mannes gequält.",https://m.media-amazon.com/images/M/MV5BOTc0NWUxZTYtN2I0NS00MDlkLWI5YTUtN2JlMDZmZjMyM2IyXkEyXkFqcGc@._V1_.jpg,Alfred Hitchcock,"Drama, Mystery, Liebesfilm"
The Help,2 hours 26 minutes,8.1,"Ein ehrgeiziger Schriftsteller beschließt während der Bürgerrechtsbewegung in den 1960er-Jahren, ein detailliertes Buch über afro-amerikanische Hausangestellte zu schreiben, über ihre Sicht der weißen Familien, für die sie arbeite...",https://m.media-amazon.com/images/M/MV5BYzM1YmVhOWYtZjkxNS00NjA3LTkyMDEtMTQ5NjZlZWRhNGI3XkEyXkFqcGc@._V1_.jpg,Tate Taylor,Drama
Cool Hand Luke,2 hours 7 minutes,8.1,"Ein Mann weigert sich, sich dem Leben in einer ländlichen Strafanstalt anzupassen.",https://m.media-amazon.com/images/M/MV5BZDE1MTUzODEtNzI2OC00YjgzLWFlY2ItZDViZDhiODQ5NTFlXkEyXkFqcGc@._V1_.jpg,Stuart Rosenberg,"Krimi, Drama"
It Happened One Night,1 hours 45 minutes,8.1,"Eine verwöhnte Erbin, die von ihrer Familie weggerannt ist, bekommt Hilfe von einem Mann, der eigentlich ein Reporter auf der Suche nach einer Geschichte ist.",https://m.media-amazon.com/images/M/MV5BYTYxZjVhOTAtOThlNi00OTkwLTg5ZjEtMjA2MzFmOGJiOWRkXkEyXkFqcGc@._V1_.jpg,Frank Capra,"Komödie, Liebesfilm"
"Paris, Texas",2 hours 25 minutes,8.1,"Travis Henderson, ein zielloser Wanderer, der seit vier Jahren vermisst wird, kehrt aus der Wüste zurück und versucht, wieder Anschluss an die Gesellschaft, sich selbst, sein Leben und seine Familie zu finden.",https://m.media-amazon.com/images/M/MV5BZmE0NGYyZTEtZDYyYy00YmY0LTkzZmQtZjI5ZTMxM2ViZGUxXkEyXkFqcGc@._V1_.jpg,Wim Wenders,Drama
Scent of a Woman,2 hours 36 minutes,8,"&quot;Ein Stipendiat, der Geld braucht, stimmt zu, einen blinden Mann zu &quot;&quot;babysitten&quot;&quot;, aber der Job ist überhaupt nicht das, was er erwartet hat.&quot;",https://m.media-amazon.com/images/M/MV5BZTBmMDkwMjYtMzQ5ZS00NWQ2LThjNGItMTlmYTU2NzUyZmRkXkEyXkFqcGc@._V1_.jpg,Martin Brest,Drama
Drishyam,2 hours 43 minutes,8.2,"Verzweifelte Maßnahmen werden von einem Mann ergriffen, der versucht, seine Familie von der dunklen Seite des Gesetzes zu retten, nachdem er ein unerwartetes Verbrechen begangen hat.",https://m.media-amazon.com/images/M/MV5BM2NmMGFjYTYtNWEwNS00MTM4LWE2ZTktNzZjMTE0OTQyNjFiXkEyXkFqcGc@._V1_.jpg,Nishikant Kamat,"Krimi, Drama, Mystery"
